Order_Detail_ID,Order_ID,Product_ID,Quantity,Discount_Percent
OD00001,O01202,P020,4,0
OD00002,O01837,P009,4,0
OD00003,O01895,P072,2,0
OD00004,O00137,P015,1,0
OD00005,O02238,P098,3,10
OD00006,O01664,P088,1,15
OD00007,O02390,P097,1,10
OD00008,O01583,P063,1,10
OD00009,O00972,P091,2,15
OD00010,O00662,P021,1,5
OD00011,O02291,P005,1,5
OD00012,O01811,P035,2,5
OD00013,O00415,P085,3,15
OD00014,O00343,P068,2,5
OD00015,O00146,P048,3,0
OD00016,O00323,P080,1,10
OD00017,O02170,P095,1,20
OD00018,O01276,P090,2,10
OD00019,O01879,P062,2,15
OD00020,O02359,P035,2,15
OD00021,O00601,P070,3,10
OD00022,O00475,P097,3,15
OD00023,O01516,P021,4,15
OD00024,O00575,P080,1,5
OD00025,O00347,P039,1,5
OD00026,O01511,P034,2,5
OD00027,O00382,P015,1,10
OD00028,O01304,P006,1,20
OD00029,O00072,P066,1,5
OD00030,O01118,P088,1,10
OD00031,O01397,P056,1,20
OD00032,O02387,P049,1,10
OD00033,O01360,P092,2,10
OD00034,O00664,P001,2,20
OD00035,O01516,P065,2,10
OD00036,O01892,P028,2,15
OD00037,O00040,P100,1,0
OD00038,O01383,P020,1,5
OD00039,O02031,P048,1,10
OD00040,O01278,P072,3,10
OD00041,O00966,P065,2,25
OD00042,O01901,P090,1,25
OD00043,O02218,P051,1,20
OD00044,O00701,P043,4,5
OD00045,O00511,P049,2,25
OD00046,O01284,P025,3,15
OD00047,O00584,P074,1,10
OD00048,O00984,P076,1,15
OD00049,O00459,P041,3,0
OD00050,O01906,P071,2,0
OD00051,O02389,P064,2,15
OD00052,O02105,P061,2,10
OD00053,O02266,P012,2,5
OD00054,O00816,P081,2,10
OD00055,O00247,P069,1,20
OD00056,O00730,P014,1,10
OD00057,O02421,P034,3,10
OD00058,O00417,P048,1,0
OD00059,O01055,P061,2,5
OD00060,O00368,P081,2,25
OD00061,O00108,P035,5,10
OD00062,O00839,P065,1,10
OD00063,O00418,P059,1,10
OD00064,O01644,P036,3,20
OD00065,O00821,P079,3,10
OD00066,O01422,P019,2,15
OD00067,O00683,P042,2,10
OD00068,O00256,P069,1,0
OD00069,O00838,P019,2,20
OD00070,O02283,P039,3,20
OD00071,O00553,P069,3,20
OD00072,O00181,P052,1,20
OD00073,O00157,P012,1,15
OD00074,O01478,P083,2,15
OD00075,O00571,P047,5,15
OD00076,O00857,P076,2,10
OD00077,O01785,P036,1,0
OD00078,O01728,P063,1,10
OD00079,O01048,P076,2,25
OD00080,O01497,P082,1,5
OD00081,O01424,P051,3,20
OD00082,O00592,P043,3,0
OD00083,O02182,P034,2,5
OD00084,O00421,P097,1,5
OD00085,O02261,P049,3,0
OD00086,O00348,P018,1,0
OD00087,O00166,P061,1,5
OD00088,O00937,P057,4,15
OD00089,O00348,P093,3,0
OD00090,O00398,P005,3,5
OD00091,O00583,P089,1,0
OD00092,O01601,P024,1,15
OD00093,O00308,P093,1,10
OD00094,O00099,P064,1,10
OD00095,O01266,P059,3,10
OD00096,O00158,P038,1,5
OD00097,O00554,P033,2,15
OD00098,O00651,P010,1,15
OD00099,O02275,P037,1,0
OD00100,O02471,P097,5,10
OD00101,O02291,P087,1,5
OD00102,O01069,P011,1,5
OD00103,O01496,P024,1,15
OD00104,O02419,P088,1,10
OD00105,O01879,P071,2,5
OD00106,O00734,P021,1,5
OD00107,O01951,P020,2,25
OD00108,O00092,P010,3,15
OD00109,O02220,P089,2,20
OD00110,O01628,P047,1,10
OD00111,O01216,P100,2,10
OD00112,O01101,P047,1,10
OD00113,O01305,P015,2,0
OD00114,O01388,P044,2,10
OD00115,O00179,P062,1,10
OD00116,O02286,P006,3,5
OD00117,O00280,P066,4,15
OD00118,O01043,P076,3,5
OD00119,O01619,P004,1,5
OD00120,O00371,P023,2,0
OD00121,O01801,P013,4,10
OD00122,O01704,P081,1,0
OD00123,O02269,P031,3,5
OD00124,O00304,P016,1,10
OD00125,O01349,P041,1,10
OD00126,O01461,P090,3,10
OD00127,O02486,P092,3,5
OD00128,O01194,P001,3,10
OD00129,O02423,P012,4,10
OD00130,O02429,P056,1,5
OD00131,O02062,P050,1,15
OD00132,O00669,P020,4,10
OD00133,O00500,P066,1,5
OD00134,O01415,P036,2,20
OD00135,O01573,P079,2,15
OD00136,O00530,P038,1,25
OD00137,O02007,P022,1,15
OD00138,O01220,P061,2,10
OD00139,O00755,P050,3,5
OD00140,O02348,P096,2,10
OD00141,O00815,P059,2,25
OD00142,O00727,P020,2,10
OD00143,O00731,P036,1,20
OD00144,O00828,P097,1,5
OD00145,O01332,P015,1,10
OD00146,O02047,P062,1,20
OD00147,O00875,P003,1,15
OD00148,O02179,P093,1,25
OD00149,O02004,P091,1,15
OD00150,O01678,P005,1,10
OD00151,O00608,P056,2,10
OD00152,O02074,P031,2,20
OD00153,O01478,P086,1,10
OD00154,O00635,P035,4,5
OD00155,O01210,P071,1,10
OD00156,O00484,P070,3,10
OD00157,O01075,P026,1,0
OD00158,O01915,P001,3,15
OD00159,O02053,P083,1,0
OD00160,O00589,P007,3,10
OD00161,O02256,P036,1,15
OD00162,O02305,P076,2,10
OD00163,O01229,P084,1,15
OD00164,O01974,P087,1,5
OD00165,O02059,P025,3,25
OD00166,O00949,P094,1,5
OD00167,O02056,P059,4,0
OD00168,O02080,P061,1,20
OD00169,O02008,P029,2,15
OD00170,O01742,P095,2,5
OD00171,O00387,P018,1,25
OD00172,O01252,P041,1,10
OD00173,O01791,P019,3,25
OD00174,O01499,P004,3,10
OD00175,O00207,P065,4,10
OD00176,O01819,P041,1,10
OD00177,O01781,P015,2,5
OD00178,O02396,P054,1,10
OD00179,O00793,P064,1,10
OD00180,O02282,P072,3,0
OD00181,O01725,P015,1,5
OD00182,O01006,P079,1,5
OD00183,O00942,P050,1,20
OD00184,O01166,P022,2,10
OD00185,O02224,P018,4,15
OD00186,O01678,P080,2,25
OD00187,O00449,P002,2,10
OD00188,O00592,P036,3,25
OD00189,O00082,P020,2,5
OD00190,O02183,P016,1,5
OD00191,O01407,P067,1,10
OD00192,O01481,P030,1,10
OD00193,O02488,P055,2,20
OD00194,O01080,P066,3,10
OD00195,O00419,P099,1,5
OD00196,O00088,P026,1,15
OD00197,O00215,P057,4,10
OD00198,O01759,P069,3,5
OD00199,O01521,P002,2,10
OD00200,O01718,P056,1,20
OD00201,O02293,P084,1,15
OD00202,O01502,P062,1,10
OD00203,O00309,P034,1,10
OD00204,O00231,P098,1,0
OD00205,O00155,P056,2,10
OD00206,O01199,P055,1,15
OD00207,O00115,P020,1,5
OD00208,O01414,P050,1,5
OD00209,O00311,P025,2,20
OD00210,O00993,P084,2,15
OD00211,O02348,P025,2,10
OD00212,O01042,P053,1,0
OD00213,O00012,P014,1,0
OD00214,O01428,P060,1,0
OD00215,O02280,P043,1,10
OD00216,O02014,P062,3,0
OD00217,O00730,P076,5,15
OD00218,O01302,P069,2,25
OD00219,O01377,P063,4,5
OD00220,O02037,P002,2,10
OD00221,O02351,P054,1,15
OD00222,O00541,P016,5,20
OD00223,O00077,P055,1,20
OD00224,O00024,P094,2,0
OD00225,O01039,P043,1,5
OD00226,O00676,P061,1,15
OD00227,O02395,P038,2,15
OD00228,O00172,P045,1,0
OD00229,O01893,P051,1,10
OD00230,O00489,P042,1,15
OD00231,O01486,P024,1,5
OD00232,O02426,P030,4,20
OD00233,O02420,P037,3,0
OD00234,O00757,P053,2,15
OD00235,O02430,P063,1,10
OD00236,O00155,P011,3,5
OD00237,O00257,P078,1,15
OD00238,O01780,P023,1,15
OD00239,O00674,P080,1,20
OD00240,O02116,P050,3,5
OD00241,O02392,P085,1,15
OD00242,O00673,P055,1,10
OD00243,O02439,P055,2,10
OD00244,O01473,P004,1,20
OD00245,O00259,P097,2,0
OD00246,O00307,P054,2,5
OD00247,O01119,P061,1,10
OD00248,O00246,P078,1,5
OD00249,O01659,P083,1,20
OD00250,O00187,P005,3,10
OD00251,O01798,P100,3,10
OD00252,O00925,P095,1,15
OD00253,O00785,P018,1,10
OD00254,O01596,P044,1,10
OD00255,O02456,P031,2,0
OD00256,O01361,P094,2,5
OD00257,O00341,P021,1,0
OD00258,O00563,P047,2,15
OD00259,O00651,P030,2,10
OD00260,O01194,P055,4,5
OD00261,O00069,P068,1,10
OD00262,O01584,P069,1,5
OD00263,O02429,P041,1,20
OD00264,O02105,P045,3,0
OD00265,O01301,P074,3,20
OD00266,O01123,P091,2,10
OD00267,O00916,P080,1,10
OD00268,O02373,P030,1,5
OD00269,O00461,P077,1,25
OD00270,O02227,P100,2,5
OD00271,O00844,P085,1,10
OD00272,O00574,P045,1,25
OD00273,O00119,P045,2,20
OD00274,O00646,P079,1,10
OD00275,O01479,P084,2,25
OD00276,O02074,P084,1,15
OD00277,O01514,P045,3,5
OD00278,O02032,P055,2,10
OD00279,O01032,P059,4,5
OD00280,O00969,P005,2,5
OD00281,O02011,P032,4,15
OD00282,O01540,P006,3,10
OD00283,O02197,P094,2,0
OD00284,O01512,P026,4,20
OD00285,O01049,P037,1,5
OD00286,O00655,P013,1,25
OD00287,O01955,P093,1,25
OD00288,O00555,P069,2,20
OD00289,O00425,P025,2,15
OD00290,O00293,P013,3,5
OD00291,O01209,P088,1,10
OD00292,O00431,P095,1,5
OD00293,O00317,P020,1,5
OD00294,O00398,P072,2,10
OD00295,O01348,P060,1,0
OD00296,O01589,P073,4,25
OD00297,O00596,P021,1,20
OD00298,O02124,P061,1,10
OD00299,O01944,P084,3,10
OD00300,O00916,P079,2,10
OD00301,O01256,P026,1,20
OD00302,O00976,P054,2,15
OD00303,O01076,P042,1,5
OD00304,O01245,P011,5,10
OD00305,O01452,P037,2,10
OD00306,O01167,P011,1,25
OD00307,O02029,P027,2,5
OD00308,O00363,P094,1,0
OD00309,O02430,P083,3,20
OD00310,O02319,P034,4,20
OD00311,O02346,P038,3,20
OD00312,O00234,P061,1,10
OD00313,O01732,P087,1,10
OD00314,O00027,P053,1,10
OD00315,O01495,P065,2,0
OD00316,O00093,P003,2,10
OD00317,O00309,P067,2,0
OD00318,O00052,P028,4,5
OD00319,O00319,P014,1,20
OD00320,O01993,P052,1,5
OD00321,O00181,P030,1,20
OD00322,O01593,P058,1,5
OD00323,O00647,P054,1,5
OD00324,O01962,P069,2,10
OD00325,O01284,P015,1,15
OD00326,O02245,P038,1,10
OD00327,O02303,P078,3,20
OD00328,O02025,P014,1,0
OD00329,O00336,P057,2,20
OD00330,O01577,P059,1,5
OD00331,O01526,P008,2,20
OD00332,O00990,P072,4,10
OD00333,O01279,P019,1,15
OD00334,O00514,P032,2,15
OD00335,O02030,P095,3,5
OD00336,O00242,P029,2,20
OD00337,O02197,P041,1,5
OD00338,O01734,P075,1,5
OD00339,O02260,P045,2,15
OD00340,O00668,P013,3,0
OD00341,O00594,P027,1,5
OD00342,O02179,P019,1,10
OD00343,O00256,P026,1,15
OD00344,O01503,P053,1,0
OD00345,O00561,P051,1,10
OD00346,O02111,P037,1,15
OD00347,O01335,P009,1,20
OD00348,O00407,P092,1,20
OD00349,O01861,P096,4,15
OD00350,O02063,P052,1,10
OD00351,O01711,P054,1,10
OD00352,O00259,P003,1,0
OD00353,O00723,P096,4,15
OD00354,O01283,P069,3,25
OD00355,O00614,P008,3,15
OD00356,O01695,P014,1,0
OD00357,O01979,P003,3,10
OD00358,O00813,P024,1,10
OD00359,O01787,P013,1,15
OD00360,O00331,P043,2,15
OD00361,O02213,P029,3,10
OD00362,O01217,P072,3,5
OD00363,O01545,P051,3,20
OD00364,O01398,P042,4,15
OD00365,O00387,P031,1,5
OD00366,O01519,P063,1,5
OD00367,O01818,P026,1,20
OD00368,O01818,P018,3,20
OD00369,O01815,P082,1,10
OD00370,O02376,P057,3,0
OD00371,O01516,P007,1,0
OD00372,O01241,P048,1,5
OD00373,O00320,P080,1,10
OD00374,O00399,P060,1,10
OD00375,O01915,P033,3,10
OD00376,O00105,P003,1,15
OD00377,O00696,P004,1,0
OD00378,O00330,P100,1,0
OD00379,O00660,P004,1,5
OD00380,O00821,P042,1,5
OD00381,O01973,P009,1,0
OD00382,O01794,P051,3,10
OD00383,O02362,P017,1,15
OD00384,O00462,P017,1,15
OD00385,O01608,P097,2,15
OD00386,O01676,P020,1,10
OD00387,O02458,P014,1,15
OD00388,O02075,P022,2,5
OD00389,O00271,P052,1,25
OD00390,O00385,P027,2,5
OD00391,O00060,P043,2,5
OD00392,O01131,P003,3,5
OD00393,O00220,P088,4,25
OD00394,O01465,P094,1,25
OD00395,O01907,P008,1,15
OD00396,O01596,P086,1,10
OD00397,O00096,P089,1,10
OD00398,O00989,P010,3,25
OD00399,O01113,P029,3,15
OD00400,O01946,P040,2,20
OD00401,O02279,P065,2,5
OD00402,O00968,P021,1,5
OD00403,O02323,P024,2,20
OD00404,O00246,P073,3,0
OD00405,O02159,P060,2,20
OD00406,O00234,P026,1,10
OD00407,O02465,P009,2,20
OD00408,O01152,P020,1,5
OD00409,O01261,P056,2,15
OD00410,O00803,P099,2,10
OD00411,O01418,P036,1,10
OD00412,O00655,P036,2,10
OD00413,O02443,P073,3,25
OD00414,O00111,P022,1,15
OD00415,O00090,P001,4,5
OD00416,O00763,P069,2,20
OD00417,O01304,P073,2,5
OD00418,O01357,P037,3,10
OD00419,O02180,P083,2,0
OD00420,O01037,P072,3,20
OD00421,O01465,P096,1,5
OD00422,O00098,P013,1,5
OD00423,O01144,P084,2,20
OD00424,O00293,P100,3,15
OD00425,O01840,P043,3,0
OD00426,O01735,P037,2,15
OD00427,O01025,P094,2,20
OD00428,O02298,P074,1,0
OD00429,O00652,P095,5,15
OD00430,O02197,P025,1,10
OD00431,O02092,P093,2,10
OD00432,O01907,P088,2,10
OD00433,O01722,P021,2,15
OD00434,O01068,P041,1,0
OD00435,O02210,P073,4,15
OD00436,O01817,P042,2,0
OD00437,O00253,P042,4,10
OD00438,O00132,P002,1,5
OD00439,O01908,P068,2,15
OD00440,O01911,P008,2,5
OD00441,O01680,P096,2,10
OD00442,O01133,P061,4,10
OD00443,O01059,P014,1,15
OD00444,O01926,P077,1,10
OD00445,O02323,P021,2,15
OD00446,O00187,P024,1,0
OD00447,O00949,P050,5,5
OD00448,O02291,P082,1,10
OD00449,O00264,P045,2,20
OD00450,O01998,P064,1,0
OD00451,O00522,P064,2,0
OD00452,O01565,P026,1,5
OD00453,O00783,P032,1,10
OD00454,O00535,P057,1,10
OD00455,O00210,P053,1,15
OD00456,O02094,P033,5,0
OD00457,O01564,P052,1,5
OD00458,O00026,P095,2,5
OD00459,O00175,P018,5,10
OD00460,O01540,P035,3,15
OD00461,O01335,P012,5,0
OD00462,O00322,P051,4,20
OD00463,O01603,P089,2,5
OD00464,O01159,P095,2,15
OD00465,O00055,P010,1,10
OD00466,O01567,P052,1,5
OD00467,O01610,P034,3,15
OD00468,O01873,P067,2,15
OD00469,O02195,P039,2,10
OD00470,O01509,P008,2,10
OD00471,O02068,P096,1,5
OD00472,O00333,P029,3,15
OD00473,O01579,P022,2,5
OD00474,O00907,P084,1,15
OD00475,O00911,P070,3,5
OD00476,O00401,P061,1,0
OD00477,O00950,P043,3,5
OD00478,O01330,P049,2,5
OD00479,O02076,P029,1,10
OD00480,O01911,P081,3,5
OD00481,O00101,P031,2,15
OD00482,O00551,P053,1,5
OD00483,O02401,P034,1,15
OD00484,O01706,P038,3,10
OD00485,O02344,P057,1,25
OD00486,O00353,P004,3,25
OD00487,O01019,P002,1,20
OD00488,O01180,P012,2,15
OD00489,O01098,P035,4,10
OD00490,O00980,P070,1,15
OD00491,O01356,P072,2,25
OD00492,O00739,P021,3,0
OD00493,O00977,P061,3,10
OD00494,O01372,P035,2,5
OD00495,O02281,P048,2,10
OD00496,O01802,P015,3,10
OD00497,O02150,P071,3,10
OD00498,O00953,P015,3,10
OD00499,O00481,P006,1,25
OD00500,O01238,P081,5,10
OD00501,O00108,P068,1,15
OD00502,O00973,P022,1,5
OD00503,O01627,P032,1,10
OD00504,O00704,P022,1,10
OD00505,O02383,P027,1,5
OD00506,O02134,P015,1,10
OD00507,O00875,P044,1,10
OD00508,O01448,P086,2,10
OD00509,O02412,P092,1,10
OD00510,O02108,P009,1,5
OD00511,O01274,P034,1,5
OD00512,O00560,P100,1,10
OD00513,O00117,P073,1,0
OD00514,O00874,P015,2,5
OD00515,O00968,P062,4,0
OD00516,O01569,P045,3,0
OD00517,O00044,P084,3,5
OD00518,O00509,P072,1,0
OD00519,O02012,P058,1,5
OD00520,O01189,P092,1,10
OD00521,O01316,P019,3,0
OD00522,O00849,P016,1,10
OD00523,O01880,P075,2,20
OD00524,O00917,P008,1,15
OD00525,O00799,P033,1,5
OD00526,O00876,P074,5,20
OD00527,O01761,P018,3,5
OD00528,O02334,P035,3,0
OD00529,O00819,P043,2,25
OD00530,O02169,P050,3,20
OD00531,O00945,P003,2,10
OD00532,O00907,P091,4,10
OD00533,O00013,P059,1,15
OD00534,O00603,P028,2,5
OD00535,O00200,P046,2,5
OD00536,O01792,P064,1,10
OD00537,O00448,P070,3,20
OD00538,O01812,P047,5,0
OD00539,O00841,P014,2,15
OD00540,O00590,P007,1,0
OD00541,O01154,P074,2,10
OD00542,O02091,P079,3,10
OD00543,O00520,P031,2,15
OD00544,O01037,P093,1,0
OD00545,O00725,P081,2,10
OD00546,O00988,P051,1,10
OD00547,O00803,P029,3,0
OD00548,O02350,P015,1,0
OD00549,O00527,P090,2,10
OD00550,O01666,P076,3,10
OD00551,O01139,P025,1,5
OD00552,O00460,P061,1,10
OD00553,O00932,P041,1,20
OD00554,O01987,P069,1,0
OD00555,O00325,P004,1,10
OD00556,O00579,P057,5,0
OD00557,O01538,P031,3,0
OD00558,O02001,P003,3,5
OD00559,O02382,P067,4,10
OD00560,O02332,P090,1,15
OD00561,O00475,P050,1,5
OD00562,O01078,P017,1,10
OD00563,O01482,P060,3,10
OD00564,O01603,P074,2,5
OD00565,O01444,P066,1,10
OD00566,O00632,P088,1,15
OD00567,O00703,P075,2,15
OD00568,O02457,P024,2,15
OD00569,O00982,P099,3,5
OD00570,O01328,P087,1,15
OD00571,O01959,P032,4,5
OD00572,O00559,P087,1,15
OD00573,O00222,P098,2,20
OD00574,O01557,P019,4,0
OD00575,O02206,P066,4,10
OD00576,O00348,P060,1,10
OD00577,O01183,P066,1,15
OD00578,O00889,P015,2,5
OD00579,O00922,P085,1,25
OD00580,O01259,P035,2,10
OD00581,O00405,P069,4,5
OD00582,O01281,P027,1,0
OD00583,O00677,P088,2,15
OD00584,O00589,P007,1,0
OD00585,O01621,P006,3,0
OD00586,O01595,P033,4,10
OD00587,O00566,P058,2,10
OD00588,O00704,P049,1,15
OD00589,O00858,P017,3,10
OD00590,O01285,P042,2,15
OD00591,O00585,P094,1,25
OD00592,O00232,P072,3,5
OD00593,O02318,P040,5,15
OD00594,O01246,P046,2,20
OD00595,O00052,P071,2,15
OD00596,O02164,P070,1,15
OD00597,O00538,P068,2,5
OD00598,O00541,P001,1,10
OD00599,O01043,P079,1,10
OD00600,O00815,P095,1,15
OD00601,O01416,P089,1,25
OD00602,O01653,P097,1,0
OD00603,O00419,P052,2,0
OD00604,O02357,P035,2,0
OD00605,O00864,P069,2,15
OD00606,O00186,P005,1,0
OD00607,O00261,P100,1,10
OD00608,O01552,P017,3,5
OD00609,O01297,P053,2,10
OD00610,O02208,P052,5,5
OD00611,O00762,P014,1,20
OD00612,O00224,P029,2,10
OD00613,O01280,P008,1,20
OD00614,O00180,P098,2,10
OD00615,O02068,P001,3,0
OD00616,O01648,P029,4,5
OD00617,O00632,P036,5,25
OD00618,O01537,P051,1,15
OD00619,O02106,P037,2,0
OD00620,O01964,P093,2,15
OD00621,O00615,P069,2,10
OD00622,O00562,P053,1,5
OD00623,O02422,P096,3,5
OD00624,O00622,P052,4,15
OD00625,O02136,P088,1,0
OD00626,O01014,P083,1,5
OD00627,O02062,P012,1,5
OD00628,O02181,P052,2,5
OD00629,O01961,P001,1,10
OD00630,O01058,P007,4,0
OD00631,O00592,P017,2,5
OD00632,O00583,P098,2,20
OD00633,O01614,P043,2,5
OD00634,O01102,P071,1,5
OD00635,O00289,P017,4,10
OD00636,O01569,P059,2,10
OD00637,O01444,P003,5,15
OD00638,O00007,P029,2,5
OD00639,O01184,P022,2,20
OD00640,O00240,P038,1,15
OD00641,O01987,P054,2,15
OD00642,O01447,P093,3,0
OD00643,O01750,P050,3,0
OD00644,O02118,P069,3,10
OD00645,O01904,P030,1,20
OD00646,O02264,P023,5,10
OD00647,O01078,P085,5,5
OD00648,O02378,P090,1,0
OD00649,O00848,P047,4,15
OD00650,O01312,P021,1,15
OD00651,O02093,P020,2,5
OD00652,O02246,P023,1,0
OD00653,O01240,P068,4,10
OD00654,O01505,P021,1,10
OD00655,O01333,P021,2,15
OD00656,O02380,P001,1,15
OD00657,O00696,P015,1,10
OD00658,O00027,P017,2,0
OD00659,O02366,P051,1,15
OD00660,O02413,P063,2,25
OD00661,O00960,P014,5,20
OD00662,O01527,P059,3,20
OD00663,O01869,P083,3,5
OD00664,O00373,P050,1,15
OD00665,O01950,P034,1,20
OD00666,O00245,P006,2,15
OD00667,O01841,P049,1,5
OD00668,O01677,P006,4,25
OD00669,O00125,P069,1,10
OD00670,O00537,P007,4,0
OD00671,O01920,P097,1,0
OD00672,O01636,P077,3,10
OD00673,O01426,P051,1,10
OD00674,O01541,P001,1,0
OD00675,O00531,P013,2,15
OD00676,O00254,P043,1,15
OD00677,O02169,P027,2,15
OD00678,O00661,P071,2,5
OD00679,O01802,P003,1,15
OD00680,O01061,P058,4,0
OD00681,O01366,P089,2,5
OD00682,O01037,P097,2,10
OD00683,O01207,P017,2,15
OD00684,O02136,P045,2,10
OD00685,O02094,P078,1,0
OD00686,O01143,P058,1,5
OD00687,O01555,P056,2,10
OD00688,O01756,P054,1,20
OD00689,O01966,P087,1,20
OD00690,O00745,P088,2,5
OD00691,O01630,P029,2,5
OD00692,O00967,P054,1,5
OD00693,O00763,P027,1,15
OD00694,O00794,P045,1,0
OD00695,O00744,P087,1,0
OD00696,O01070,P031,1,10
OD00697,O01532,P036,1,5
OD00698,O00558,P081,5,0
OD00699,O01995,P061,2,5
OD00700,O00526,P037,1,5
OD00701,O00840,P067,1,10
OD00702,O00003,P036,2,25
OD00703,O01052,P005,1,0
OD00704,O01405,P046,3,10
OD00705,O00157,P079,4,20
OD00706,O01938,P052,2,20
OD00707,O01955,P049,1,10
OD00708,O00511,P006,3,15
OD00709,O00687,P010,4,0
OD00710,O01138,P096,2,15
OD00711,O01413,P023,2,25
OD00712,O01511,P017,1,10
OD00713,O00571,P084,1,10
OD00714,O00715,P044,2,5
OD00715,O01339,P041,4,10
OD00716,O02287,P015,2,10
OD00717,O02351,P044,3,10
OD00718,O00991,P058,1,0
OD00719,O00334,P086,1,10
OD00720,O02161,P050,2,10
OD00721,O01645,P052,1,5
OD00722,O00362,P070,2,5
OD00723,O01881,P068,1,5
OD00724,O02145,P063,3,15
OD00725,O01982,P058,3,10
OD00726,O02064,P023,2,15
OD00727,O01978,P044,1,5
OD00728,O00376,P083,2,20
OD00729,O00742,P095,5,15
OD00730,O00390,P044,2,10
OD00731,O01241,P052,1,0
OD00732,O00824,P067,1,5
OD00733,O02368,P028,1,25
OD00734,O02244,P067,1,5
OD00735,O00418,P078,3,5
OD00736,O00607,P018,3,5
OD00737,O00568,P027,1,15
OD00738,O00544,P051,1,5
OD00739,O02279,P060,1,5
OD00740,O00884,P074,4,10
OD00741,O00703,P049,2,10
OD00742,O01224,P015,2,10
OD00743,O01623,P083,1,10
OD00744,O02069,P073,2,15
OD00745,O01787,P068,1,15
OD00746,O01620,P015,1,15
OD00747,O01458,P051,2,0
OD00748,O02419,P048,2,15
OD00749,O01584,P072,1,0
OD00750,O01915,P001,1,0
OD00751,O00078,P007,1,20
OD00752,O01309,P053,1,15
OD00753,O00648,P031,2,10
OD00754,O02188,P018,4,20
OD00755,O00553,P012,1,25
OD00756,O00998,P048,1,10
OD00757,O00282,P030,1,10
OD00758,O01282,P097,2,15
OD00759,O01847,P007,1,5
OD00760,O01384,P092,2,5
OD00761,O02488,P003,1,15
OD00762,O02318,P063,2,5
OD00763,O01158,P006,3,0
OD00764,O00104,P095,4,5
OD00765,O00766,P015,4,5
OD00766,O02143,P071,3,25
OD00767,O01597,P043,4,15
OD00768,O00480,P094,1,10
OD00769,O02061,P091,1,25
OD00770,O01964,P081,1,20
OD00771,O02143,P018,2,10
OD00772,O02341,P022,4,20
OD00773,O02073,P061,1,10
OD00774,O01296,P061,2,5
OD00775,O01529,P053,2,5
OD00776,O01190,P026,4,10
OD00777,O00939,P091,2,10
OD00778,O00762,P040,5,10
OD00779,O00654,P088,1,15
OD00780,O01670,P008,1,0
OD00781,O01932,P021,2,0
OD00782,O01127,P093,1,10
OD00783,O01926,P043,1,5
OD00784,O00575,P021,2,10
OD00785,O02342,P003,3,10
OD00786,O01330,P031,2,10
OD00787,O01278,P027,1,5
OD00788,O01204,P027,2,10
OD00789,O00040,P073,1,15
OD00790,O00520,P057,1,25
OD00791,O01640,P097,2,15
OD00792,O02284,P033,1,10
OD00793,O00463,P090,1,5
OD00794,O01252,P092,3,15
OD00795,O01849,P044,1,20
OD00796,O00483,P043,4,5
OD00797,O02478,P031,2,5
OD00798,O00343,P065,5,0
OD00799,O01197,P084,1,15
OD00800,O01463,P076,2,10
OD00801,O01203,P017,1,0
OD00802,O01622,P015,3,20
OD00803,O02181,P034,1,10
OD00804,O02399,P080,1,5
OD00805,O02132,P004,3,5
OD00806,O00993,P072,1,5
OD00807,O02391,P098,1,10
OD00808,O01190,P089,1,5
OD00809,O02341,P079,2,10
OD00810,O01604,P028,1,15
OD00811,O01194,P073,1,15
OD00812,O00598,P002,1,5
OD00813,O00645,P017,2,10
OD00814,O00448,P058,3,15
OD00815,O00764,P074,1,0
OD00816,O00735,P009,1,0
OD00817,O01643,P031,1,10
OD00818,O02298,P066,1,10
OD00819,O00601,P088,1,5
OD00820,O02173,P062,2,15
OD00821,O02161,P019,2,10
OD00822,O00981,P081,4,20
OD00823,O01783,P074,1,5
OD00824,O02198,P055,2,15
OD00825,O02391,P028,2,0
OD00826,O00580,P092,2,10
OD00827,O00783,P050,3,10
OD00828,O02369,P065,1,10
OD00829,O00532,P003,1,15
OD00830,O01513,P079,2,0
OD00831,O00612,P052,1,10
OD00832,O02300,P010,1,5
OD00833,O02006,P021,1,15
OD00834,O01101,P037,1,0
OD00835,O01671,P015,2,15
OD00836,O01416,P087,1,15
OD00837,O01436,P078,1,15
OD00838,O02221,P079,2,5
OD00839,O00875,P074,2,10
OD00840,O02249,P009,5,0
OD00841,O00217,P044,1,15
OD00842,O00376,P039,4,15
OD00843,O01610,P005,2,10
OD00844,O00011,P025,3,15
OD00845,O01614,P056,1,0
OD00846,O02483,P090,2,10
OD00847,O00818,P064,3,5
OD00848,O01297,P072,3,25
OD00849,O00691,P086,1,20
OD00850,O01600,P052,1,15
OD00851,O01533,P089,2,20
OD00852,O01156,P076,4,5
OD00853,O01948,P009,1,20
OD00854,O00784,P010,2,5
OD00855,O02367,P010,2,15
OD00856,O01973,P073,3,15
OD00857,O01877,P062,2,0
OD00858,O00785,P090,1,5
OD00859,O00397,P099,4,0
OD00860,O01082,P091,2,25
OD00861,O01504,P060,2,0
OD00862,O02034,P095,1,10
OD00863,O01615,P019,2,15
OD00864,O00460,P038,1,5
OD00865,O02109,P006,1,10
OD00866,O02417,P015,2,10
OD00867,O00546,P093,2,5
OD00868,O00497,P047,2,15
OD00869,O00505,P045,1,5
OD00870,O01093,P005,2,5
OD00871,O02209,P078,1,10
OD00872,O01638,P053,2,10
OD00873,O00718,P066,1,20
OD00874,O01593,P062,2,20
OD00875,O01409,P023,3,10
OD00876,O00269,P044,1,5
OD00877,O01947,P052,1,5
OD00878,O01478,P046,2,5
OD00879,O01542,P019,2,10
OD00880,O00865,P088,2,15
OD00881,O02398,P084,2,5
OD00882,O00110,P047,1,5
OD00883,O02455,P091,1,10
OD00884,O00650,P052,1,0
OD00885,O02099,P024,1,15
OD00886,O01500,P017,2,10
OD00887,O01111,P089,1,10
OD00888,O00596,P046,4,5
OD00889,O00979,P064,3,20
OD00890,O00731,P095,3,0
OD00891,O00057,P028,4,20
OD00892,O02244,P050,1,10
OD00893,O01784,P064,3,20
OD00894,O01702,P028,1,15
OD00895,O01287,P086,1,0
OD00896,O00112,P056,3,15
OD00897,O00711,P059,1,15
OD00898,O01202,P005,5,0
OD00899,O00948,P054,2,0
OD00900,O00026,P044,3,10
OD00901,O02458,P042,1,10
OD00902,O00758,P072,2,15
OD00903,O01801,P092,1,15
OD00904,O01556,P057,3,10
OD00905,O01842,P047,1,15
OD00906,O02294,P076,2,10
OD00907,O01105,P025,1,5
OD00908,O00662,P044,1,20
OD00909,O00909,P015,2,0
OD00910,O02444,P051,1,5
OD00911,O00522,P053,2,15
OD00912,O01857,P034,1,10
OD00913,O01760,P077,1,0
OD00914,O02312,P008,2,0
OD00915,O00790,P077,1,10
OD00916,O01298,P100,1,25
OD00917,O01730,P070,3,10
OD00918,O00172,P096,1,10
OD00919,O00265,P021,1,5
OD00920,O01987,P007,1,5
OD00921,O01050,P090,1,0
OD00922,O01493,P079,2,5
OD00923,O01886,P056,1,10
OD00924,O00476,P049,3,5
OD00925,O02404,P042,1,0
OD00926,O01050,P023,1,15
OD00927,O00034,P052,1,20
OD00928,O02312,P079,2,20
OD00929,O01162,P053,4,10
OD00930,O00816,P016,2,0
OD00931,O00754,P096,5,15
OD00932,O00566,P037,1,0
OD00933,O00462,P018,1,10
OD00934,O01655,P020,1,15
OD00935,O00081,P046,1,15
OD00936,O01938,P002,1,25
OD00937,O00870,P087,1,15
OD00938,O01431,P094,1,15
OD00939,O01070,P063,1,5
OD00940,O00599,P003,1,20
OD00941,O01635,P046,1,5
OD00942,O00807,P049,3,20
OD00943,O01935,P001,1,5
OD00944,O01077,P022,2,0
OD00945,O00704,P093,2,15
OD00946,O02064,P014,1,0
OD00947,O00487,P092,1,15
OD00948,O00706,P085,1,5
OD00949,O01526,P045,2,20
OD00950,O01165,P096,1,15
OD00951,O00620,P006,1,10
OD00952,O00777,P065,1,5
OD00953,O00447,P021,3,0
OD00954,O02338,P004,1,15
OD00955,O00209,P003,2,5
OD00956,O01499,P030,2,10
OD00957,O02461,P031,3,10
OD00958,O01451,P034,2,10
OD00959,O01878,P083,2,5
OD00960,O02338,P020,4,0
OD00961,O01292,P087,2,0
OD00962,O02199,P054,1,20
OD00963,O01743,P025,1,0
OD00964,O01279,P015,3,25
OD00965,O01401,P038,3,5
OD00966,O01677,P023,2,0
OD00967,O00855,P052,2,10
OD00968,O01382,P066,2,0
OD00969,O02418,P057,1,10
OD00970,O00705,P057,2,20
OD00971,O00826,P079,1,0
OD00972,O01005,P052,4,15
OD00973,O00377,P035,3,10
OD00974,O00973,P074,2,5
OD00975,O00118,P014,1,5
OD00976,O00444,P091,1,20
OD00977,O00755,P014,1,0
OD00978,O00640,P099,2,20
OD00979,O02172,P033,2,10
OD00980,O01301,P052,1,0
OD00981,O02408,P001,2,10
OD00982,O00623,P034,3,15
OD00983,O01493,P019,1,15
OD00984,O02009,P024,2,10
OD00985,O01652,P004,3,20
OD00986,O01724,P036,2,0
OD00987,O01920,P077,2,20
OD00988,O00919,P058,2,15
OD00989,O01174,P032,5,15
OD00990,O02500,P009,1,15
OD00991,O01186,P080,2,10
OD00992,O00120,P067,1,15
OD00993,O00582,P020,1,10
OD00994,O01948,P074,1,5
OD00995,O02147,P062,1,10
OD00996,O01191,P058,4,5
OD00997,O01687,P022,4,10
OD00998,O02000,P067,1,5
OD00999,O00401,P075,2,0
OD01000,O02413,P089,2,5
OD01001,O01350,P048,3,20
OD01002,O01657,P008,2,10
OD01003,O00621,P073,1,15
OD01004,O00247,P015,3,5
OD01005,O02482,P032,2,10
OD01006,O01117,P053,2,0
OD01007,O00624,P067,4,0
OD01008,O02369,P004,4,10
OD01009,O01840,P030,2,10
OD01010,O02110,P013,2,5
OD01011,O00300,P021,5,10
OD01012,O00403,P041,1,20
OD01013,O01672,P019,1,5
OD01014,O00253,P048,1,0
OD01015,O01758,P086,3,10
OD01016,O01393,P063,2,0
OD01017,O01965,P020,1,25
OD01018,O00160,P064,5,10
OD01019,O00205,P037,2,10
OD01020,O01162,P031,3,10
OD01021,O01392,P074,1,10
OD01022,O00858,P018,2,0
OD01023,O00760,P020,2,20
OD01024,O01591,P082,2,10
OD01025,O02116,P011,2,5
OD01026,O00133,P086,3,10
OD01027,O01724,P044,1,0
OD01028,O00430,P082,3,0
OD01029,O02356,P064,1,10
OD01030,O01198,P034,1,10
OD01031,O02460,P087,1,10
OD01032,O00097,P065,1,5
OD01033,O01707,P055,1,10
OD01034,O01178,P074,3,0
OD01035,O01719,P001,2,10
OD01036,O01266,P038,1,10
OD01037,O01328,P009,2,10
OD01038,O01309,P095,1,20
OD01039,O01051,P071,1,20
OD01040,O01384,P017,2,25
OD01041,O02250,P099,2,25
OD01042,O00581,P052,3,15
OD01043,O02418,P018,1,25
OD01044,O00533,P063,2,20
OD01045,O01176,P033,2,15
OD01046,O01126,P004,4,0
OD01047,O00899,P087,1,0
OD01048,O01470,P075,2,15
OD01049,O01253,P052,2,10
OD01050,O00770,P009,5,15
OD01051,O00834,P064,1,5
OD01052,O01905,P030,2,10
OD01053,O02284,P008,1,15
OD01054,O02210,P005,2,20
OD01055,O00554,P076,1,0
OD01056,O01092,P063,1,20
OD01057,O01197,P001,2,15
OD01058,O01661,P015,1,5
OD01059,O00559,P089,1,5
OD01060,O00261,P082,1,0
OD01061,O02265,P038,1,0
OD01062,O01841,P042,4,10
OD01063,O01148,P046,2,0
OD01064,O00805,P053,3,5
OD01065,O01186,P026,1,15
OD01066,O02249,P061,4,10
OD01067,O02450,P067,2,10
OD01068,O00275,P054,2,5
OD01069,O00206,P022,2,15
OD01070,O01724,P026,2,20
OD01071,O00867,P083,2,10
OD01072,O00093,P060,1,20
OD01073,O01066,P039,1,15
OD01074,O02427,P036,2,15
OD01075,O01352,P021,2,15
OD01076,O02113,P041,1,0
OD01077,O00365,P048,1,5
OD01078,O00821,P026,2,0
OD01079,O01508,P063,3,0
OD01080,O02030,P077,1,5
OD01081,O01925,P036,1,20
OD01082,O01086,P024,3,5
OD01083,O01297,P090,2,25
OD01084,O02277,P021,1,10
OD01085,O01044,P018,3,5
OD01086,O00003,P015,2,10
OD01087,O01754,P079,2,5
OD01088,O00911,P006,5,25
OD01089,O00307,P043,4,15
OD01090,O02480,P031,1,0
OD01091,O00136,P028,1,20
OD01092,O01933,P008,1,15
OD01093,O02241,P029,1,0
OD01094,O01609,P021,1,15
OD01095,O01439,P081,1,10
OD01096,O00873,P088,4,5
OD01097,O01142,P058,3,15
OD01098,O00666,P060,2,0
OD01099,O00209,P050,2,10
OD01100,O00952,P100,1,0
OD01101,O01058,P031,1,25
OD01102,O00649,P047,1,15
OD01103,O01342,P034,3,5
OD01104,O02168,P002,1,5
OD01105,O00627,P067,3,5
OD01106,O00525,P094,2,15
OD01107,O01605,P072,1,0
OD01108,O01869,P052,1,15
OD01109,O00769,P007,2,20
OD01110,O02095,P076,4,15
OD01111,O00772,P019,2,5
OD01112,O00740,P090,1,5
OD01113,O00522,P092,2,10
OD01114,O01401,P015,1,10
OD01115,O02182,P078,5,10
OD01116,O00248,P048,2,10
OD01117,O01342,P014,2,5
OD01118,O02484,P003,1,20
OD01119,O01859,P050,2,0
OD01120,O00686,P093,1,10
OD01121,O00586,P054,1,15
OD01122,O02399,P006,1,0
OD01123,O00143,P049,4,15
OD01124,O00967,P023,2,15
OD01125,O00718,P092,1,10
OD01126,O00643,P078,3,0
OD01127,O00370,P078,1,5
OD01128,O01110,P020,1,5
OD01129,O00787,P077,1,5
OD01130,O01484,P091,2,25
OD01131,O00950,P060,2,10
OD01132,O01349,P099,2,5
OD01133,O00522,P045,2,20
OD01134,O01953,P061,1,15
OD01135,O02445,P056,3,5
OD01136,O00355,P002,1,10
OD01137,O00947,P045,3,5
OD01138,O02336,P040,2,25
OD01139,O01483,P024,2,10
OD01140,O01648,P029,2,20
OD01141,O00536,P067,2,5
OD01142,O01315,P068,1,20
OD01143,O02216,P066,3,0
OD01144,O00950,P084,1,25
OD01145,O00621,P054,1,20
OD01146,O00428,P053,2,5
OD01147,O01726,P079,2,15
OD01148,O02403,P049,1,15
OD01149,O02244,P032,4,20
OD01150,O00545,P061,5,5
OD01151,O00824,P042,2,10
OD01152,O01003,P001,2,20
OD01153,O00659,P063,2,15
OD01154,O02059,P035,1,10
OD01155,O02444,P051,2,15
OD01156,O00731,P071,4,0
OD01157,O01833,P045,4,15
OD01158,O00409,P077,4,5
OD01159,O02410,P065,1,5
OD01160,O00084,P014,1,10
OD01161,O02204,P093,1,10
OD01162,O00707,P003,1,10
OD01163,O01962,P024,1,10
OD01164,O01448,P065,1,5
OD01165,O00134,P048,2,5
OD01166,O00788,P010,3,15
OD01167,O00864,P013,2,10
OD01168,O00667,P100,3,10
OD01169,O00277,P073,1,10
OD01170,O01776,P014,1,20
OD01171,O00882,P100,3,15
OD01172,O02061,P010,2,0
OD01173,O02390,P040,2,15
OD01174,O02083,P023,1,25
OD01175,O01238,P099,1,10
OD01176,O02453,P055,2,25
OD01177,O00159,P063,3,10
OD01178,O01134,P071,4,10
OD01179,O01852,P042,2,5
OD01180,O00279,P099,2,10
OD01181,O00111,P066,3,5
OD01182,O02479,P079,2,0
OD01183,O00542,P073,2,0
OD01184,O01139,P047,4,5
OD01185,O00360,P081,3,10
OD01186,O02420,P052,4,10
OD01187,O01239,P018,1,5
OD01188,O01757,P079,2,25
OD01189,O00955,P018,3,5
OD01190,O02307,P024,1,10
OD01191,O02168,P023,3,0
OD01192,O00976,P012,1,5
OD01193,O00913,P023,3,0
OD01194,O01152,P021,2,10
OD01195,O00723,P064,1,15
OD01196,O01712,P090,2,5
OD01197,O00325,P072,2,5
OD01198,O01530,P094,2,0
OD01199,O01550,P034,1,15
OD01200,O01074,P002,3,15
OD01201,O01946,P069,2,0
OD01202,O01608,P031,2,5
OD01203,O02117,P097,1,25
OD01204,O00391,P068,4,10
OD01205,O02431,P070,1,10
OD01206,O00016,P087,2,5
OD01207,O00846,P019,3,10
OD01208,O00869,P072,1,25
OD01209,O00568,P013,2,25
OD01210,O02180,P065,1,15
OD01211,O02020,P006,3,10
OD01212,O02321,P071,2,10
OD01213,O01647,P027,3,5
OD01214,O00357,P079,3,25
OD01215,O01657,P052,2,15
OD01216,O02281,P098,2,10
OD01217,O00036,P087,2,0
OD01218,O02461,P048,1,10
OD01219,O01028,P088,2,25
OD01220,O02092,P079,4,10
OD01221,O00114,P099,1,5
OD01222,O01773,P068,1,0
OD01223,O02445,P044,1,5
OD01224,O01198,P017,1,20
OD01225,O01279,P095,1,25
OD01226,O00466,P038,2,20
OD01227,O01488,P010,2,15
OD01228,O00847,P054,2,10
OD01229,O00502,P091,1,10
OD01230,O00441,P006,2,10
OD01231,O02117,P006,3,15
OD01232,O00326,P052,4,10
OD01233,O01766,P015,2,10
OD01234,O00067,P068,1,0
OD01235,O00304,P057,4,5
OD01236,O00972,P056,2,15
OD01237,O00484,P007,1,20
OD01238,O00929,P051,1,10
OD01239,O01441,P058,1,0
OD01240,O00149,P064,1,20
OD01241,O02296,P026,1,15
OD01242,O01125,P058,4,10
OD01243,O00096,P031,2,10
OD01244,O00282,P066,2,10
OD01245,O02370,P092,3,10
OD01246,O00529,P013,3,20
OD01247,O02311,P018,3,5
OD01248,O01643,P094,4,0
OD01249,O00580,P075,1,0
OD01250,O01664,P013,4,5
OD01251,O02342,P024,2,0
OD01252,O01632,P057,1,5
OD01253,O02443,P029,2,0
OD01254,O00810,P056,2,5
OD01255,O00693,P054,4,5
OD01256,O00235,P005,1,0
OD01257,O00952,P035,2,10
OD01258,O01855,P019,1,10
OD01259,O01361,P055,1,0
OD01260,O01032,P077,1,10
OD01261,O01467,P069,2,25
OD01262,O01965,P044,3,20
OD01263,O00539,P078,1,0
OD01264,O00820,P038,2,15
OD01265,O01682,P062,1,5
OD01266,O00272,P022,1,0
OD01267,O01029,P073,2,5
OD01268,O01923,P040,1,5
OD01269,O01243,P026,2,10
OD01270,O01142,P005,1,10
OD01271,O00593,P093,1,15
OD01272,O01606,P054,2,5
OD01273,O00115,P086,2,5
OD01274,O02311,P049,1,5
OD01275,O01678,P003,2,5
OD01276,O01446,P092,3,25
OD01277,O00207,P038,2,15
OD01278,O02351,P014,1,25
OD01279,O00112,P047,2,15
OD01280,O01441,P014,2,10
OD01281,O01883,P075,1,10
OD01282,O00185,P073,3,10
OD01283,O01765,P038,4,10
OD01284,O00901,P064,3,15
OD01285,O00221,P044,3,10
OD01286,O01468,P070,2,5
OD01287,O01094,P065,2,15
OD01288,O02475,P025,2,20
OD01289,O02013,P016,3,10
OD01290,O02491,P015,2,10
OD01291,O00601,P098,1,0
OD01292,O01161,P081,1,10
OD01293,O00504,P003,3,0
OD01294,O02179,P067,1,0
OD01295,O00218,P037,2,10
OD01296,O02219,P081,4,5
OD01297,O01499,P055,2,15
OD01298,O00612,P038,5,20
OD01299,O01153,P063,2,0
OD01300,O00057,P001,1,15
OD01301,O01205,P071,3,10
OD01302,O00246,P090,1,0
OD01303,O00144,P019,1,10
OD01304,O00368,P052,1,10
OD01305,O01483,P030,1,10
OD01306,O02266,P055,1,20
OD01307,O00616,P014,1,10
OD01308,O01882,P013,2,25
OD01309,O01589,P084,3,10
OD01310,O02490,P090,1,0
OD01311,O00699,P027,1,10
OD01312,O00876,P089,2,5
OD01313,O01686,P009,2,10
OD01314,O00945,P041,4,15
OD01315,O00923,P048,1,10
OD01316,O01747,P012,3,0
OD01317,O00025,P010,2,10
OD01318,O01688,P006,2,0
OD01319,O01560,P034,1,15
OD01320,O01084,P052,1,15
OD01321,O00434,P041,1,25
OD01322,O01090,P083,1,0
OD01323,O01952,P006,2,10
OD01324,O02154,P002,3,10
OD01325,O00096,P015,2,20
OD01326,O00168,P017,2,10
OD01327,O02090,P016,2,0
OD01328,O01903,P028,1,10
OD01329,O02152,P085,5,10
OD01330,O01869,P072,2,15
OD01331,O01999,P010,1,20
OD01332,O02330,P010,1,5
OD01333,O01134,P010,2,25
OD01334,O02011,P073,2,0
OD01335,O00749,P028,1,25
OD01336,O01892,P024,3,20
OD01337,O00831,P019,2,10
OD01338,O00049,P097,2,15
OD01339,O00115,P068,1,0
OD01340,O01179,P056,1,0
OD01341,O01673,P067,4,0
OD01342,O00071,P042,3,0
OD01343,O01360,P012,1,10
OD01344,O00067,P018,1,5
OD01345,O01517,P023,1,20
OD01346,O01674,P084,1,10
OD01347,O01778,P006,2,15
OD01348,O00967,P053,4,10
OD01349,O02229,P098,1,5
OD01350,O01790,P042,1,5
OD01351,O00613,P066,3,5
OD01352,O01887,P030,1,15
OD01353,O01623,P009,4,10
OD01354,O00697,P091,2,5
OD01355,O02296,P042,4,15
OD01356,O01238,P034,1,0
OD01357,O02407,P040,1,15
OD01358,O00249,P088,2,10
OD01359,O00638,P017,2,15
OD01360,O00950,P029,1,20
OD01361,O01905,P100,4,15
OD01362,O01112,P050,3,10
OD01363,O00176,P076,2,5
OD01364,O00723,P095,1,15
OD01365,O02474,P049,2,10
OD01366,O00771,P073,2,0
OD01367,O01948,P061,1,15
OD01368,O00703,P083,4,5
OD01369,O02129,P046,1,0
OD01370,O00927,P046,1,20
OD01371,O00138,P017,1,10
OD01372,O02398,P066,3,5
OD01373,O01150,P005,2,15
OD01374,O01941,P054,1,20
OD01375,O01892,P016,1,0
OD01376,O01879,P081,1,15
OD01377,O01254,P091,1,15
OD01378,O01484,P007,2,5
OD01379,O01369,P008,1,10
OD01380,O00310,P072,1,0
OD01381,O01044,P087,3,15
OD01382,O01671,P096,2,15
OD01383,O01565,P082,2,0
OD01384,O01584,P038,1,15
OD01385,O01501,P054,1,15
OD01386,O02317,P076,2,5
OD01387,O00770,P015,1,15
OD01388,O00016,P092,1,0
OD01389,O00606,P050,3,20
OD01390,O01382,P056,4,10
OD01391,O00813,P095,1,10
OD01392,O01991,P009,1,10
OD01393,O00895,P008,4,10
OD01394,O01568,P019,1,20
OD01395,O02317,P051,2,10
OD01396,O00414,P072,5,20
OD01397,O00025,P098,5,10
OD01398,O02005,P057,2,5
OD01399,O00316,P068,1,20
OD01400,O00571,P031,1,15
OD01401,O00725,P003,3,15
OD01402,O01850,P099,4,25
OD01403,O01300,P083,2,0
OD01404,O01954,P043,3,10
OD01405,O00389,P029,2,5
OD01406,O00444,P010,2,10
OD01407,O00971,P012,3,15
OD01408,O02416,P046,2,25
OD01409,O01965,P030,2,10
OD01410,O02390,P094,1,15
OD01411,O01829,P082,2,20
OD01412,O00304,P088,2,15
OD01413,O00764,P032,1,5
OD01414,O01974,P073,3,10
OD01415,O00816,P047,2,25
OD01416,O02160,P088,4,25
OD01417,O00878,P063,1,10
OD01418,O00703,P026,2,20
OD01419,O00944,P003,1,5
OD01420,O02327,P023,4,5
OD01421,O02430,P075,1,25
OD01422,O02061,P074,2,0
OD01423,O00303,P050,3,5
OD01424,O01580,P036,1,10
OD01425,O00160,P013,4,10
OD01426,O02202,P029,3,10
OD01427,O02229,P038,1,5
OD01428,O01204,P077,1,20
OD01429,O02425,P090,1,20
OD01430,O01192,P084,1,10
OD01431,O01174,P005,3,10
OD01432,O02064,P020,4,15
OD01433,O01115,P078,1,10
OD01434,O01144,P014,2,10
OD01435,O01980,P008,2,10
OD01436,O00253,P048,1,5
OD01437,O01433,P013,1,5
OD01438,O02079,P024,1,10
OD01439,O00731,P079,2,15
OD01440,O02337,P065,2,15
OD01441,O00498,P086,2,15
OD01442,O01429,P034,1,10
OD01443,O00548,P051,3,15
OD01444,O00961,P003,2,0
OD01445,O00132,P090,3,10
OD01446,O01348,P078,1,15
OD01447,O00858,P058,3,10
OD01448,O01156,P072,3,10
OD01449,O02033,P055,1,10
OD01450,O00521,P080,1,20
OD01451,O00030,P042,4,10
OD01452,O02052,P021,2,15
OD01453,O00509,P010,4,25
OD01454,O01261,P057,3,15
OD01455,O01559,P025,2,10
OD01456,O00016,P056,1,0
OD01457,O00997,P038,1,10
OD01458,O01608,P086,4,10
OD01459,O01840,P061,1,15
OD01460,O02017,P047,1,10
OD01461,O01254,P054,2,25
OD01462,O01744,P046,2,5
OD01463,O02311,P068,1,15
OD01464,O01089,P004,1,10
OD01465,O02313,P094,2,10
OD01466,O01362,P066,1,15
OD01467,O00378,P093,3,5
OD01468,O01199,P043,1,0
OD01469,O00476,P062,3,10
OD01470,O01290,P100,3,10
OD01471,O00329,P085,2,15
OD01472,O01840,P085,1,25
OD01473,O01187,P085,2,0
OD01474,O00438,P004,1,10
OD01475,O01391,P065,1,15
OD01476,O01774,P062,3,25
OD01477,O01223,P090,2,20
OD01478,O01524,P002,3,15
OD01479,O02064,P009,1,10
OD01480,O01845,P057,1,5
OD01481,O01320,P045,5,10
OD01482,O00868,P018,2,10
OD01483,O01812,P048,2,15
OD01484,O00984,P042,2,10
OD01485,O01263,P041,1,15
OD01486,O01325,P075,2,10
OD01487,O02054,P089,1,15
OD01488,O01019,P090,2,0
OD01489,O01790,P058,2,5
OD01490,O00807,P100,4,5
OD01491,O01894,P042,2,20
OD01492,O01410,P035,1,0
OD01493,O01319,P038,2,15
OD01494,O01142,P067,1,5
OD01495,O00405,P041,1,10
OD01496,O01787,P099,1,20
OD01497,O00594,P050,2,10
OD01498,O00012,P086,1,5
OD01499,O02213,P072,2,5
OD01500,O01318,P079,4,20
OD01501,O01543,P045,2,10
OD01502,O02126,P071,1,10
OD01503,O00614,P019,1,10
OD01504,O01987,P017,2,10
OD01505,O00869,P065,3,5
OD01506,O00812,P093,1,15
OD01507,O01823,P077,3,15
OD01508,O00767,P056,2,5
OD01509,O00082,P093,2,15
OD01510,O01745,P041,4,20
OD01511,O02257,P042,2,20
OD01512,O00522,P006,3,5
OD01513,O01328,P069,1,5
OD01514,O00994,P098,2,20
OD01515,O01526,P075,2,5
OD01516,O01470,P073,1,0
OD01517,O01514,P040,2,20
OD01518,O00781,P041,1,5
OD01519,O01452,P009,1,10
OD01520,O00559,P008,1,10
OD01521,O02139,P044,2,15
OD01522,O02038,P058,4,5
OD01523,O01754,P067,2,20
OD01524,O00860,P013,2,10
OD01525,O01613,P019,1,10
OD01526,O00556,P098,4,5
OD01527,O00156,P096,2,5
OD01528,O02050,P049,3,10
OD01529,O01381,P080,3,10
OD01530,O00825,P100,1,20
OD01531,O01593,P082,2,10
OD01532,O01082,P078,4,10
OD01533,O01204,P030,1,10
OD01534,O00493,P066,2,15
OD01535,O00669,P077,4,10
OD01536,O00075,P091,1,5
OD01537,O00371,P059,3,20
OD01538,O00587,P053,4,10
OD01539,O00329,P052,2,10
OD01540,O00590,P081,1,10
OD01541,O01791,P031,1,15
OD01542,O00777,P015,1,5
OD01543,O02023,P020,3,0
OD01544,O02352,P005,3,15
OD01545,O00579,P007,2,0
OD01546,O00221,P018,1,15
OD01547,O01188,P056,1,0
OD01548,O01504,P075,3,10
OD01549,O02423,P096,2,0
OD01550,O01708,P091,4,10
OD01551,O01746,P090,2,10
OD01552,O00188,P045,3,5
OD01553,O01215,P028,2,10
OD01554,O01110,P050,2,20
OD01555,O00844,P002,1,10
OD01556,O00531,P084,4,15
OD01557,O01071,P068,2,20
OD01558,O00963,P077,1,25
OD01559,O01170,P024,1,20
OD01560,O01406,P048,1,5
OD01561,O00517,P045,2,25
OD01562,O01889,P093,1,15
OD01563,O02474,P058,1,15
OD01564,O01492,P036,2,0
OD01565,O01118,P002,1,25
OD01566,O00133,P018,3,15
OD01567,O00314,P049,2,15
OD01568,O00591,P008,2,0
OD01569,O01544,P058,1,5
OD01570,O02207,P015,1,25
OD01571,O01886,P017,1,10
OD01572,O01627,P023,3,10
OD01573,O00748,P066,3,15
OD01574,O01498,P070,1,0
OD01575,O00801,P093,2,10
OD01576,O02458,P027,1,10
OD01577,O01498,P037,5,5
OD01578,O01380,P049,4,5
OD01579,O00680,P064,2,5
OD01580,O02162,P034,2,5
OD01581,O00897,P018,3,10
OD01582,O01547,P064,2,20
OD01583,O01794,P074,2,10
OD01584,O02113,P044,4,5
OD01585,O00684,P017,2,5
OD01586,O01296,P059,2,15
OD01587,O01686,P013,3,25
OD01588,O01386,P052,2,5
OD01589,O02194,P060,2,5
OD01590,O00943,P042,1,10
OD01591,O01310,P091,1,15
OD01592,O01034,P064,1,10
OD01593,O02234,P066,2,10
OD01594,O01621,P034,2,15
OD01595,O00809,P095,5,25
OD01596,O00171,P087,2,5
OD01597,O02261,P071,3,25
OD01598,O01554,P064,1,10
OD01599,O01596,P033,3,15
OD01600,O01624,P012,2,10
OD01601,O00027,P076,2,10
OD01602,O01014,P019,1,15
OD01603,O01092,P009,2,10
OD01604,O00408,P074,2,0
OD01605,O01133,P017,2,10
OD01606,O00074,P050,4,10
OD01607,O00680,P039,3,5
OD01608,O01392,P041,5,20
OD01609,O00849,P010,2,5
OD01610,O00870,P012,5,10
OD01611,O00237,P079,3,5
OD01612,O02426,P095,1,10
OD01613,O00906,P015,1,5
OD01614,O02424,P028,1,10
OD01615,O00619,P004,1,5
OD01616,O01033,P036,1,0
OD01617,O02244,P065,1,15
OD01618,O01314,P098,2,10
OD01619,O00847,P047,1,5
OD01620,O01924,P081,1,0
OD01621,O00634,P039,3,20
OD01622,O01018,P038,3,5
OD01623,O00008,P044,5,20
OD01624,O01393,P051,2,10
OD01625,O01069,P097,2,5
OD01626,O02392,P085,1,15
OD01627,O01781,P026,1,20
OD01628,O01643,P036,1,10
OD01629,O01217,P069,1,10
OD01630,O00849,P097,5,10
OD01631,O01381,P001,1,20
OD01632,O00062,P053,1,15
OD01633,O01086,P006,1,5
OD01634,O02470,P037,2,5
OD01635,O01818,P002,1,5
OD01636,O00633,P069,2,5
OD01637,O00792,P090,1,5
OD01638,O01301,P041,1,10
OD01639,O01455,P051,1,0
OD01640,O01139,P047,2,10
OD01641,O01712,P013,1,10
OD01642,O00525,P076,3,5
OD01643,O02021,P069,2,0
OD01644,O00899,P066,2,0
OD01645,O02211,P059,1,0
OD01646,O00787,P068,1,15
OD01647,O01361,P059,1,10
OD01648,O02427,P091,2,0
OD01649,O00173,P010,2,10
OD01650,O01000,P013,2,5
OD01651,O01811,P002,2,10
OD01652,O00064,P090,3,10
OD01653,O01346,P015,3,10
OD01654,O00975,P046,1,5
OD01655,O00066,P057,2,0
OD01656,O01867,P010,1,15
OD01657,O01623,P022,2,20
OD01658,O00458,P089,1,20
OD01659,O01603,P079,1,0
OD01660,O01958,P077,3,15
OD01661,O01741,P008,2,15
OD01662,O01450,P021,1,20
OD01663,O01960,P085,1,5
OD01664,O02226,P022,2,15
OD01665,O01955,P097,4,0
OD01666,O00280,P045,2,10
OD01667,O02392,P091,5,5
OD01668,O01041,P040,1,15
OD01669,O02344,P022,2,20
OD01670,O02250,P030,3,5
OD01671,O00962,P062,2,10
OD01672,O01943,P073,1,0
OD01673,O01218,P045,2,10
OD01674,O00375,P035,2,5
OD01675,O01912,P082,2,5
OD01676,O00035,P042,3,20
OD01677,O01393,P005,3,0
OD01678,O02077,P027,2,10
OD01679,O00775,P070,1,20
OD01680,O00221,P062,1,20
OD01681,O02101,P032,3,15
OD01682,O02124,P008,4,5
OD01683,O00494,P085,1,15
OD01684,O01712,P018,2,5
OD01685,O02165,P078,1,20
OD01686,O00280,P015,1,15
OD01687,O00746,P026,2,15
OD01688,O02343,P053,2,0
OD01689,O01475,P044,1,10
OD01690,O01858,P032,3,15
OD01691,O01542,P028,3,20
OD01692,O01097,P039,4,0
OD01693,O01060,P032,1,20
OD01694,O01923,P077,2,0
OD01695,O02006,P079,1,10
OD01696,O00497,P018,1,15
OD01697,O02254,P070,2,0
OD01698,O02474,P011,3,0
OD01699,O00044,P032,1,15
OD01700,O01852,P020,4,10
OD01701,O00454,P097,3,0
OD01702,O00595,P040,3,15
OD01703,O01357,P008,3,15
OD01704,O00507,P035,1,10
OD01705,O00794,P069,3,5
OD01706,O00021,P099,1,0
OD01707,O01400,P078,3,15
OD01708,O02462,P021,1,10
OD01709,O01095,P024,1,10
OD01710,O01428,P017,2,15
OD01711,O01586,P018,1,10
OD01712,O01815,P098,1,0
OD01713,O01421,P012,2,20
OD01714,O00337,P016,3,10
OD01715,O01668,P004,2,10
OD01716,O00910,P089,1,20
OD01717,O00276,P034,1,20
OD01718,O00892,P092,1,10
OD01719,O00013,P046,2,5
OD01720,O01027,P075,2,25
OD01721,O00974,P077,1,15
OD01722,O00175,P031,1,10
OD01723,O01409,P025,1,10
OD01724,O01626,P074,1,10
OD01725,O01944,P024,1,20
OD01726,O02289,P065,3,10
OD01727,O00547,P025,1,15
OD01728,O02062,P028,2,15
OD01729,O01219,P036,2,15
OD01730,O01421,P082,1,15
OD01731,O01455,P006,2,20
OD01732,O01434,P066,2,10
OD01733,O00003,P067,1,0
OD01734,O01843,P072,3,15
OD01735,O00747,P095,1,10
OD01736,O00872,P048,3,0
OD01737,O00495,P083,2,0
OD01738,O02465,P070,2,5
OD01739,O01415,P078,3,15
OD01740,O00628,P067,3,15
OD01741,O01076,P048,2,5
OD01742,O00142,P065,3,15
OD01743,O01488,P044,1,5
OD01744,O00046,P094,2,15
OD01745,O02058,P063,1,10
OD01746,O00664,P046,1,15
OD01747,O00573,P019,3,10
OD01748,O02030,P064,1,5
OD01749,O01554,P083,1,15
OD01750,O01622,P073,3,0
OD01751,O00913,P071,1,25
OD01752,O00640,P050,1,10
OD01753,O00909,P063,2,10
OD01754,O02226,P041,2,10
OD01755,O00869,P007,3,0
OD01756,O01030,P009,2,10
OD01757,O00853,P004,2,25
OD01758,O00307,P089,2,5
OD01759,O02375,P049,2,15
OD01760,O01817,P076,2,10
OD01761,O00395,P006,3,10
OD01762,O02348,P082,1,5
OD01763,O00749,P021,1,10
OD01764,O02333,P015,1,25
OD01765,O00330,P067,2,5
OD01766,O02098,P066,1,10
OD01767,O02032,P056,2,10
OD01768,O00773,P068,3,10
OD01769,O01646,P032,2,10
OD01770,O01733,P066,1,10
OD01771,O00378,P029,3,0
OD01772,O01788,P066,1,20
OD01773,O01624,P034,2,15
OD01774,O01000,P027,2,5
OD01775,O01849,P060,1,10
OD01776,O01562,P039,4,15
OD01777,O00774,P044,1,25
OD01778,O01084,P082,5,25
OD01779,O01804,P036,1,20
OD01780,O01099,P019,1,5
OD01781,O02051,P091,1,20
OD01782,O01599,P045,1,20
OD01783,O00748,P084,2,10
OD01784,O01472,P021,2,10
OD01785,O01765,P023,3,10
OD01786,O02323,P094,1,10
OD01787,O01554,P089,1,5
OD01788,O01616,P095,2,0
OD01789,O02263,P027,1,0
OD01790,O01509,P098,2,10
OD01791,O00329,P072,2,5
OD01792,O02303,P019,1,15
OD01793,O01411,P041,3,0
OD01794,O00126,P026,2,20
OD01795,O00767,P028,2,20
OD01796,O01574,P064,1,20
OD01797,O01228,P068,1,15
OD01798,O01196,P095,1,0
OD01799,O01759,P080,1,10
OD01800,O00217,P051,1,0
OD01801,O01360,P074,3,25
OD01802,O01322,P048,2,5
OD01803,O00832,P010,2,10
OD01804,O00182,P073,1,15
OD01805,O00334,P039,4,20
OD01806,O00511,P100,1,15
OD01807,O00383,P100,3,15
OD01808,O01897,P019,4,10
OD01809,O00332,P064,2,10
OD01810,O01189,P019,5,0
OD01811,O01266,P076,2,20
OD01812,O00900,P062,1,10
OD01813,O00642,P013,1,0
OD01814,O01251,P025,1,20
OD01815,O00634,P100,1,10
OD01816,O02499,P089,2,20
OD01817,O00196,P092,1,20
OD01818,O01894,P042,3,15
OD01819,O00458,P039,1,0
OD01820,O00830,P030,2,5
OD01821,O02305,P005,4,20
OD01822,O02057,P081,1,20
OD01823,O01225,P018,2,10
OD01824,O00887,P021,3,10
OD01825,O00393,P086,1,5
OD01826,O01676,P050,2,25
OD01827,O02447,P006,1,5
OD01828,O02379,P050,3,5
OD01829,O02182,P080,2,10
OD01830,O00916,P066,2,5
OD01831,O00935,P001,3,20
OD01832,O00355,P057,1,0
OD01833,O01522,P030,3,0
OD01834,O02338,P058,3,10
OD01835,O00629,P052,3,10
OD01836,O01171,P037,3,5
OD01837,O00327,P048,1,10
OD01838,O01439,P087,5,10
OD01839,O02258,P001,1,20
OD01840,O01422,P019,2,0
OD01841,O01127,P046,1,25
OD01842,O01781,P067,5,10
OD01843,O01532,P002,2,5
OD01844,O01915,P056,3,0
OD01845,O01233,P017,1,10
OD01846,O01957,P092,3,5
OD01847,O02476,P082,3,5
OD01848,O00393,P097,2,5
OD01849,O00826,P079,1,10
OD01850,O01913,P022,2,10
OD01851,O02396,P027,1,0
OD01852,O00050,P055,2,10
OD01853,O01397,P032,1,15
OD01854,O01051,P060,1,0
OD01855,O00800,P083,1,20
OD01856,O01793,P028,1,10
OD01857,O01364,P028,1,25
OD01858,O02349,P074,4,0
OD01859,O01566,P084,2,25
OD01860,O02214,P025,1,10
OD01861,O02364,P085,2,10
OD01862,O00001,P078,2,10
OD01863,O01020,P086,4,0
OD01864,O01285,P026,1,20
OD01865,O00063,P075,1,10
OD01866,O01870,P071,5,0
OD01867,O02270,P017,1,0
OD01868,O00152,P082,1,0
OD01869,O00644,P007,1,10
OD01870,O00626,P056,1,10
OD01871,O00217,P064,5,10
OD01872,O00196,P020,1,5
OD01873,O01015,P038,4,10
OD01874,O01522,P075,5,10
OD01875,O01579,P058,2,0
OD01876,O01081,P016,1,5
OD01877,O01528,P051,1,0
OD01878,O00722,P027,2,20
OD01879,O01608,P051,1,15
OD01880,O01760,P075,2,25
OD01881,O01563,P016,1,5
OD01882,O00640,P087,4,20
OD01883,O02154,P060,2,10
OD01884,O00165,P076,2,10
OD01885,O00215,P040,3,5
OD01886,O01095,P067,1,15
OD01887,O00090,P002,1,20
OD01888,O01796,P048,1,5
OD01889,O01252,P052,1,5
OD01890,O01103,P024,2,15
OD01891,O00608,P093,1,25
OD01892,O00349,P098,1,15
OD01893,O00246,P084,5,5
OD01894,O00272,P082,1,10
OD01895,O02031,P078,2,10
OD01896,O00403,P082,1,20
OD01897,O01466,P002,1,15
OD01898,O01196,P065,2,10
OD01899,O01080,P020,4,5
OD01900,O01615,P034,1,20
OD01901,O01127,P041,1,10
OD01902,O00284,P041,1,25
OD01903,O00517,P075,1,10
OD01904,O01302,P091,1,15
OD01905,O00612,P023,2,15
OD01906,O00750,P038,1,5
OD01907,O01293,P044,2,25
OD01908,O01857,P067,2,0
OD01909,O00400,P062,1,15
OD01910,O01527,P012,1,25
OD01911,O02025,P030,5,5
OD01912,O02134,P095,1,10
OD01913,O00320,P087,3,10
OD01914,O01056,P065,1,15
OD01915,O00336,P041,2,20
OD01916,O02099,P020,1,10
OD01917,O00174,P006,1,15
OD01918,O01642,P075,1,5
OD01919,O00501,P099,1,5
OD01920,O02124,P004,3,10
OD01921,O02364,P093,2,15
OD01922,O01857,P010,1,5
OD01923,O01897,P051,2,15
OD01924,O01664,P093,3,10
OD01925,O01719,P038,2,15
OD01926,O01779,P001,1,0
OD01927,O00697,P008,3,10
OD01928,O00732,P081,1,10
OD01929,O01095,P083,2,20
OD01930,O00652,P063,2,15
OD01931,O01095,P033,3,15
OD01932,O00046,P015,4,20
OD01933,O01071,P031,4,15
OD01934,O01446,P021,1,5
OD01935,O02197,P003,4,20
OD01936,O00456,P066,1,15
OD01937,O01663,P035,1,10
OD01938,O00966,P041,2,15
OD01939,O02021,P059,2,20
OD01940,O00869,P016,2,25
OD01941,O01529,P056,2,25
OD01942,O01001,P045,4,5
OD01943,O00774,P059,1,10
OD01944,O02292,P050,1,0
OD01945,O02430,P085,4,5
OD01946,O01127,P012,1,20
OD01947,O01061,P092,2,5
OD01948,O01678,P012,2,10
OD01949,O01544,P033,2,10
OD01950,O00397,P084,2,15
OD01951,O02344,P049,1,5
OD01952,O00107,P021,3,5
OD01953,O00954,P060,1,10
OD01954,O01849,P052,1,5
OD01955,O00934,P054,1,25
OD01956,O00288,P039,2,15
OD01957,O00706,P049,2,10
OD01958,O02044,P064,4,20
OD01959,O01485,P100,2,5
OD01960,O00215,P086,2,15
OD01961,O01305,P026,4,5
OD01962,O01978,P071,2,15
OD01963,O01483,P007,2,10
OD01964,O01825,P072,2,0
OD01965,O00344,P062,1,5
OD01966,O00194,P090,3,10
OD01967,O00158,P088,1,15
OD01968,O00465,P024,2,0
OD01969,O02152,P040,2,10
OD01970,O02082,P076,4,15
OD01971,O01750,P047,3,10
OD01972,O02373,P008,2,15
OD01973,O00592,P054,2,5
OD01974,O02189,P009,1,10
OD01975,O01055,P003,2,20
OD01976,O00884,P054,4,10
OD01977,O00063,P021,4,10
OD01978,O01111,P095,3,15
OD01979,O00304,P048,1,5
OD01980,O01085,P047,3,15
OD01981,O00396,P088,4,20
OD01982,O00334,P068,1,0
OD01983,O00411,P084,2,20
OD01984,O02332,P063,3,5
OD01985,O00466,P016,2,10
OD01986,O00080,P074,5,20
OD01987,O01101,P090,2,15
OD01988,O01978,P093,2,20
OD01989,O00733,P005,3,20
OD01990,O01818,P011,2,10
OD01991,O01564,P029,3,10
OD01992,O01385,P079,2,10
OD01993,O02125,P070,1,5
OD01994,O01188,P048,1,10
OD01995,O01199,P015,1,15
OD01996,O01612,P084,2,10
OD01997,O02293,P034,4,15
OD01998,O00122,P060,1,15
OD01999,O00185,P062,1,0
OD02000,O00032,P002,1,10
OD02001,O00998,P080,2,10
OD02002,O01987,P019,4,10
OD02003,O00569,P098,2,15
OD02004,O02358,P049,2,10
OD02005,O01396,P078,2,20
OD02006,O01680,P088,1,15
OD02007,O00830,P028,2,10
OD02008,O01620,P048,2,15
OD02009,O01080,P096,2,0
OD02010,O00791,P037,3,0
OD02011,O00994,P074,3,0
OD02012,O00078,P049,3,10
OD02013,O00108,P048,4,5
OD02014,O01297,P073,5,25
OD02015,O02063,P088,2,10
OD02016,O00370,P100,1,10
OD02017,O02253,P029,2,5
OD02018,O02005,P060,3,5
OD02019,O01704,P029,1,5
OD02020,O00441,P058,1,15
OD02021,O00227,P048,1,10
OD02022,O02402,P023,2,10
OD02023,O00623,P027,2,10
OD02024,O01025,P095,1,15
OD02025,O01577,P007,1,0
OD02026,O01644,P049,2,15
OD02027,O01185,P054,1,10
OD02028,O00161,P068,1,10
OD02029,O00871,P078,2,5
OD02030,O01746,P042,2,10
OD02031,O01175,P074,1,5
OD02032,O00444,P059,2,25
OD02033,O01791,P044,1,10
OD02034,O01495,P098,3,25
OD02035,O00463,P026,1,10
OD02036,O00473,P023,1,5
OD02037,O00080,P073,3,10
OD02038,O01063,P008,2,0
OD02039,O00240,P053,1,20
OD02040,O00557,P014,1,15
OD02041,O00590,P071,3,15
OD02042,O01361,P007,3,10
OD02043,O01885,P009,1,10
OD02044,O01976,P003,2,25
OD02045,O01304,P078,1,5
OD02046,O01140,P017,2,15
OD02047,O02317,P044,1,10
OD02048,O01940,P086,1,25
OD02049,O00335,P046,1,15
OD02050,O00312,P090,2,25
OD02051,O01077,P058,1,10
OD02052,O00034,P028,1,5
OD02053,O01842,P014,1,10
OD02054,O00386,P009,1,15
OD02055,O00249,P026,3,15
OD02056,O01135,P002,1,0
OD02057,O01434,P075,2,10
OD02058,O01203,P081,1,5
OD02059,O00794,P034,1,20
OD02060,O00852,P019,2,5
OD02061,O00376,P039,4,10
OD02062,O00724,P082,1,5
OD02063,O01611,P013,1,5
OD02064,O01914,P005,2,20
OD02065,O00202,P050,4,5
OD02066,O02493,P023,5,0
OD02067,O01943,P088,2,0
OD02068,O02345,P029,2,10
OD02069,O01332,P072,2,10
OD02070,O00493,P026,2,5
OD02071,O00338,P079,2,15
OD02072,O01969,P057,3,0
OD02073,O01866,P001,2,20
OD02074,O00792,P028,2,15
OD02075,O01517,P062,2,25
OD02076,O02023,P047,2,20
OD02077,O02365,P078,2,5
OD02078,O00942,P098,2,10
OD02079,O02123,P059,1,15
OD02080,O00059,P031,1,0
OD02081,O02434,P070,2,5
OD02082,O02063,P049,3,0
OD02083,O01255,P005,1,10
OD02084,O02247,P031,2,10
OD02085,O01378,P037,1,5
OD02086,O00035,P079,1,0
OD02087,O00162,P015,4,15
OD02088,O00895,P052,3,0
OD02089,O00471,P069,1,25
OD02090,O01447,P092,2,5
OD02091,O00348,P097,1,10
OD02092,O00694,P011,5,10
OD02093,O00935,P043,1,0
OD02094,O00913,P070,1,10
OD02095,O00147,P023,2,10
OD02096,O01712,P040,3,20
OD02097,O00675,P063,1,15
OD02098,O01440,P002,2,0
OD02099,O01518,P079,1,5
OD02100,O01280,P087,4,5
OD02101,O00686,P086,1,0
OD02102,O01127,P073,4,10
OD02103,O00121,P047,2,25
OD02104,O02467,P030,1,10
OD02105,O02398,P016,5,15
OD02106,O00042,P059,5,15
OD02107,O00029,P047,2,15
OD02108,O00966,P030,1,5
OD02109,O01916,P009,2,15
OD02110,O02001,P065,2,20
OD02111,O02062,P059,2,5
OD02112,O00920,P064,2,5
OD02113,O00818,P008,1,25
OD02114,O01509,P052,2,15
OD02115,O01213,P018,2,5
OD02116,O00872,P091,1,10
OD02117,O00295,P082,2,10
OD02118,O00864,P096,2,10
OD02119,O01038,P058,2,5
OD02120,O00595,P049,1,5
OD02121,O01183,P032,2,15
OD02122,O01518,P048,1,15
OD02123,O01353,P045,2,20
OD02124,O00614,P054,3,5
OD02125,O01873,P100,2,15
OD02126,O01604,P100,1,5
OD02127,O01584,P085,2,10
OD02128,O01593,P046,4,20
OD02129,O01156,P096,1,10
OD02130,O00465,P031,3,5
OD02131,O01480,P037,2,5
OD02132,O01291,P016,3,10
OD02133,O02443,P046,1,15
OD02134,O02294,P046,1,25
OD02135,O00568,P078,4,15
OD02136,O00038,P088,1,20
OD02137,O00245,P089,1,15
OD02138,O00021,P061,2,20
OD02139,O01134,P046,1,0
OD02140,O01630,P051,3,20
OD02141,O00394,P062,2,10
OD02142,O01434,P035,3,20
OD02143,O00987,P081,3,0
OD02144,O01672,P042,1,15
OD02145,O02056,P045,1,15
OD02146,O02376,P068,3,25
OD02147,O01911,P075,1,15
OD02148,O00290,P047,5,10
OD02149,O01787,P079,2,10
OD02150,O00912,P030,1,5
OD02151,O00361,P024,3,5
OD02152,O01623,P066,1,5
OD02153,O00219,P043,1,5
OD02154,O02454,P034,2,10
OD02155,O02016,P023,3,20
OD02156,O02041,P061,2,20
OD02157,O02045,P095,1,0
OD02158,O00832,P037,1,0
OD02159,O01794,P013,1,5
OD02160,O01792,P097,1,5
OD02161,O01244,P071,1,0
OD02162,O00595,P096,2,10
OD02163,O02155,P007,4,10
OD02164,O00581,P042,1,10
OD02165,O01748,P038,1,10
OD02166,O02056,P052,3,5
OD02167,O02237,P044,2,15
OD02168,O00081,P064,4,15
OD02169,O02156,P013,1,5
OD02170,O01345,P088,1,0
OD02171,O01603,P028,2,5
OD02172,O00346,P096,2,0
OD02173,O01887,P082,2,10
OD02174,O02376,P098,2,5
OD02175,O00555,P098,1,10
OD02176,O00302,P001,2,5
OD02177,O00200,P043,2,15
OD02178,O01063,P042,1,0
OD02179,O00307,P095,2,10
OD02180,O01657,P050,2,5
OD02181,O01872,P060,1,0
OD02182,O02227,P001,1,20
OD02183,O01847,P051,1,15
OD02184,O01765,P016,1,0
OD02185,O00276,P039,2,10
OD02186,O01176,P015,3,10
OD02187,O01402,P033,1,10
OD02188,O00638,P087,1,10
OD02189,O01776,P053,5,20
OD02190,O00930,P098,1,5
OD02191,O01881,P017,1,10
OD02192,O00183,P089,1,5
OD02193,O01845,P006,2,15
OD02194,O00072,P031,1,20
OD02195,O01677,P069,2,15
OD02196,O01296,P040,1,15
OD02197,O02317,P030,1,25
OD02198,O01044,P069,1,15
OD02199,O00815,P076,2,15
OD02200,O01527,P007,2,25
OD02201,O02195,P013,1,0
OD02202,O00310,P004,1,10
OD02203,O02062,P050,2,15
OD02204,O00132,P003,3,20
OD02205,O01878,P012,1,20
OD02206,O02487,P065,2,15
OD02207,O00740,P027,1,20
OD02208,O00795,P050,1,10
OD02209,O02311,P077,1,0
OD02210,O00258,P017,3,0
OD02211,O01258,P072,1,10
OD02212,O02457,P032,3,10
OD02213,O01852,P084,2,10
OD02214,O00975,P051,3,10
OD02215,O01048,P017,1,20
OD02216,O00271,P034,1,5
OD02217,O01119,P035,5,20
OD02218,O00142,P099,2,20
OD02219,O00902,P024,3,10
OD02220,O00274,P054,1,10
OD02221,O02324,P018,1,15
OD02222,O00465,P050,2,15
OD02223,O01232,P046,1,5
OD02224,O01320,P048,2,0
OD02225,O00288,P033,1,5
OD02226,O00876,P087,1,0
OD02227,O01993,P089,1,5
OD02228,O02228,P027,1,5
OD02229,O01121,P001,1,10
OD02230,O01215,P085,2,25
OD02231,O00447,P059,1,15
OD02232,O00722,P010,1,20
OD02233,O02164,P095,3,15
OD02234,O01352,P025,2,15
OD02235,O00407,P084,1,10
OD02236,O01726,P057,2,5
OD02237,O00694,P066,4,15
OD02238,O00495,P015,1,20
OD02239,O00948,P028,1,10
OD02240,O00023,P013,2,0
OD02241,O01129,P014,1,15
OD02242,O01699,P066,3,5
OD02243,O00558,P034,5,0
OD02244,O01617,P099,4,15
OD02245,O00941,P025,1,10
OD02246,O01246,P054,1,15
OD02247,O01657,P079,4,20
OD02248,O00078,P012,2,10
OD02249,O01346,P009,1,10
OD02250,O00807,P031,2,5
OD02251,O01042,P078,1,5
OD02252,O00768,P093,1,15
OD02253,O00454,P053,3,10
OD02254,O02325,P043,1,5
OD02255,O01448,P038,1,0
OD02256,O01500,P042,1,10
OD02257,O01051,P072,2,10
OD02258,O01889,P048,1,10
OD02259,O00363,P067,2,10
OD02260,O00525,P066,2,0
OD02261,O01218,P016,3,10
OD02262,O01486,P083,1,20
OD02263,O02104,P094,3,5
OD02264,O01254,P016,1,15
OD02265,O01856,P031,2,10
OD02266,O00722,P058,1,15
OD02267,O01984,P028,1,5
OD02268,O01208,P004,2,20
OD02269,O01449,P010,1,10
OD02270,O01399,P051,1,15
OD02271,O02089,P018,1,5
OD02272,O01508,P047,2,15
OD02273,O01004,P032,1,15
OD02274,O02308,P030,1,10
OD02275,O02489,P036,1,10
OD02276,O00926,P009,2,10
OD02277,O00856,P036,1,0
OD02278,O00084,P029,1,15
OD02279,O02094,P016,1,0
OD02280,O02488,P092,1,5
OD02281,O01543,P021,3,10
OD02282,O00986,P064,2,0
OD02283,O01869,P066,3,25
OD02284,O00136,P059,1,20
OD02285,O01207,P099,4,10
OD02286,O01733,P028,1,15
OD02287,O01196,P055,5,20
OD02288,O00909,P100,1,5
OD02289,O00590,P031,2,15
OD02290,O01952,P033,1,5
OD02291,O00956,P087,1,10
OD02292,O01144,P060,3,10
OD02293,O01332,P041,2,15
OD02294,O01554,P081,5,0
OD02295,O02343,P046,2,5
OD02296,O01807,P049,2,10
OD02297,O02101,P065,1,5
OD02298,O00806,P042,5,15
OD02299,O01456,P023,2,10
OD02300,O00052,P027,2,5
OD02301,O00072,P089,1,0
OD02302,O00028,P032,2,10
OD02303,O00469,P083,4,10
OD02304,O00764,P088,1,5
OD02305,O01425,P003,1,5
OD02306,O02249,P060,1,5
OD02307,O00820,P076,3,0
OD02308,O01490,P099,1,10
OD02309,O01676,P079,1,15
OD02310,O00560,P017,1,10
OD02311,O00379,P032,2,15
OD02312,O01919,P007,1,0
OD02313,O01076,P083,1,10
OD02314,O00079,P071,4,10
OD02315,O01409,P069,4,15
OD02316,O00834,P058,1,15
OD02317,O01032,P040,2,15
OD02318,O02073,P085,2,10
OD02319,O00450,P048,1,0
OD02320,O01993,P051,1,15
OD02321,O01485,P057,2,15
OD02322,O02246,P071,1,25
OD02323,O01743,P037,1,15
OD02324,O01971,P087,3,15
OD02325,O02485,P075,2,10
OD02326,O01551,P074,2,20
OD02327,O00690,P085,1,25
OD02328,O01991,P055,2,15
OD02329,O01402,P041,1,10
OD02330,O00587,P097,2,0
OD02331,O02152,P020,3,15
OD02332,O01830,P033,3,15
OD02333,O01986,P040,1,15
OD02334,O00627,P099,2,0
OD02335,O02032,P034,4,10
OD02336,O00364,P062,2,5
OD02337,O02183,P100,1,15
OD02338,O00374,P091,2,5
OD02339,O02087,P019,1,15
OD02340,O01988,P043,3,5
OD02341,O02095,P069,2,0
OD02342,O02084,P063,1,10
OD02343,O02143,P093,1,0
OD02344,O01385,P010,1,10
OD02345,O01549,P013,4,20
OD02346,O01170,P093,1,25
OD02347,O01941,P005,2,5
OD02348,O00368,P058,4,15
OD02349,O00065,P059,1,5
OD02350,O00754,P076,1,20
OD02351,O01544,P059,2,15
OD02352,O02036,P077,2,0
OD02353,O01877,P086,1,10
OD02354,O01579,P015,1,5
OD02355,O00756,P077,2,15
OD02356,O02229,P001,4,10
OD02357,O01525,P038,1,15
OD02358,O00597,P053,1,10
OD02359,O01835,P052,1,25
OD02360,O01396,P001,3,20
OD02361,O01587,P011,1,10
OD02362,O00112,P058,3,15
OD02363,O00453,P040,1,15
OD02364,O02187,P086,4,20
OD02365,O01872,P099,2,0
OD02366,O02279,P060,2,5
OD02367,O01263,P044,1,5
OD02368,O00253,P006,3,10
OD02369,O02005,P028,1,5
OD02370,O01460,P031,1,10
OD02371,O01943,P008,1,10
OD02372,O01327,P005,3,10
OD02373,O02120,P054,3,10
OD02374,O01858,P017,2,0
OD02375,O02270,P038,2,20
OD02376,O01101,P009,1,20
OD02377,O00062,P074,3,10
OD02378,O01495,P084,3,20
OD02379,O01181,P078,2,0
OD02380,O00806,P014,2,15
OD02381,O02173,P026,4,0
OD02382,O01876,P093,3,10
OD02383,O02209,P062,2,5
OD02384,O00541,P091,1,10
OD02385,O00626,P025,2,5
OD02386,O01615,P080,2,10
OD02387,O00106,P036,1,5
OD02388,O01155,P098,1,20
OD02389,O01709,P080,1,10
OD02390,O01909,P033,2,5
OD02391,O02050,P003,1,5
OD02392,O02281,P087,1,15
OD02393,O00369,P011,3,10
OD02394,O01275,P058,2,10
OD02395,O00946,P064,1,10
OD02396,O02228,P018,1,5
OD02397,O00293,P047,3,5
OD02398,O00584,P044,3,10
OD02399,O02223,P093,1,5
OD02400,O02171,P059,4,5
OD02401,O02275,P050,1,0
OD02402,O02492,P069,4,5
OD02403,O02476,P088,1,5
OD02404,O00765,P029,1,25
OD02405,O02113,P093,1,10
OD02406,O01305,P090,1,15
OD02407,O01415,P067,2,0
OD02408,O00428,P002,3,0
OD02409,O02015,P025,3,15
OD02410,O00107,P019,1,10
OD02411,O00659,P040,1,5
OD02412,O01183,P002,1,10
OD02413,O02313,P083,1,10
OD02414,O01226,P065,2,15
OD02415,O00155,P062,1,0
OD02416,O00896,P091,2,10
OD02417,O01522,P054,2,15
OD02418,O01621,P045,1,25
OD02419,O00993,P049,2,15
OD02420,O02293,P099,1,5
OD02421,O01324,P069,1,15
OD02422,O01386,P038,3,15
OD02423,O02434,P004,2,15
OD02424,O02462,P017,1,15
OD02425,O01302,P053,2,20
OD02426,O00759,P085,1,0
OD02427,O00747,P053,2,0
OD02428,O00593,P031,2,15
OD02429,O01549,P022,2,5
OD02430,O00016,P011,3,0
OD02431,O00993,P034,2,10
OD02432,O01069,P015,1,15
OD02433,O01345,P010,1,0
OD02434,O02196,P096,3,15
OD02435,O02403,P053,1,0
OD02436,O00703,P048,2,0
OD02437,O00613,P031,2,5
OD02438,O00105,P037,2,0
OD02439,O01498,P028,3,15
OD02440,O00396,P031,2,20
OD02441,O02011,P070,2,15
OD02442,O00851,P014,3,5
OD02443,O01989,P087,2,10
OD02444,O00442,P016,1,5
OD02445,O01669,P025,2,5
OD02446,O00873,P039,2,10
OD02447,O00667,P066,3,15
OD02448,O01052,P038,1,0
OD02449,O00628,P041,1,5
OD02450,O01429,P098,4,20
OD02451,O00348,P040,2,10
OD02452,O01264,P064,1,20
OD02453,O01018,P089,2,25
OD02454,O00570,P100,5,10
OD02455,O02074,P016,3,5
OD02456,O01953,P082,2,15
OD02457,O02265,P077,1,5
OD02458,O01352,P059,3,5
OD02459,O00670,P091,2,15
OD02460,O00718,P098,3,10
OD02461,O02358,P011,1,5
OD02462,O00267,P001,1,10
OD02463,O01439,P013,2,15
OD02464,O01357,P030,1,0
OD02465,O01023,P069,2,5
OD02466,O02038,P018,4,5
OD02467,O02498,P078,2,10
OD02468,O00565,P013,3,15
OD02469,O01271,P032,2,15
OD02470,O01060,P071,3,10
OD02471,O01425,P072,3,0
OD02472,O00028,P050,2,0
OD02473,O00220,P071,2,5
OD02474,O00406,P080,2,5
OD02475,O01638,P031,2,0
OD02476,O01799,P051,1,10
OD02477,O02319,P027,3,0
OD02478,O01760,P060,4,15
OD02479,O01675,P033,2,15
OD02480,O00792,P053,2,10
OD02481,O00963,P093,2,0
OD02482,O01310,P072,2,20
OD02483,O00834,P033,2,25
OD02484,O00317,P041,3,5
OD02485,O01321,P019,1,15
OD02486,O02386,P085,1,15
OD02487,O01331,P041,3,10
OD02488,O00351,P085,2,5
OD02489,O00511,P089,3,10
OD02490,O00492,P042,1,10
OD02491,O01932,P023,1,10
OD02492,O01618,P075,4,20
OD02493,O02057,P033,1,15
OD02494,O01521,P020,3,5
OD02495,O01584,P025,3,10
OD02496,O02488,P090,2,15
OD02497,O01576,P052,1,0
OD02498,O01762,P012,2,5
OD02499,O01992,P032,3,20
OD02500,O01269,P033,1,10
OD02501,O02081,P074,1,5
OD02502,O01047,P068,1,0
OD02503,O00049,P015,1,10
OD02504,O00462,P051,3,10
OD02505,O00336,P006,3,5
OD02506,O01382,P091,5,10
OD02507,O01146,P069,2,0
OD02508,O00359,P069,3,0
OD02509,O02394,P082,1,10
OD02510,O00193,P092,2,0
OD02511,O01440,P035,2,20
OD02512,O01401,P086,4,0
OD02513,O00756,P034,3,15
OD02514,O01685,P063,4,10
OD02515,O00828,P068,3,10
OD02516,O00890,P018,3,15
OD02517,O00653,P026,1,10
OD02518,O02456,P086,3,15
OD02519,O02334,P097,2,10
OD02520,O01922,P061,1,10
OD02521,O00851,P078,1,15
OD02522,O00111,P095,2,10
OD02523,O00620,P074,1,10
OD02524,O00793,P088,2,15
OD02525,O02098,P085,2,20
OD02526,O01158,P048,4,10
OD02527,O00588,P072,3,10
OD02528,O01310,P096,2,0
OD02529,O01958,P031,1,5
OD02530,O02362,P034,1,10
OD02531,O00297,P087,1,15
OD02532,O01630,P089,1,10
OD02533,O00569,P007,5,15
OD02534,O01188,P083,2,0
OD02535,O00832,P007,1,10
OD02536,O00610,P047,1,20
OD02537,O00016,P008,2,5
OD02538,O01370,P078,2,0
OD02539,O00072,P001,1,10
OD02540,O00270,P077,4,15
OD02541,O00287,P003,1,10
OD02542,O00066,P053,1,10
OD02543,O00880,P092,1,10
OD02544,O00068,P038,2,5
OD02545,O01217,P051,1,15
OD02546,O01403,P015,1,5
OD02547,O00974,P100,1,10
OD02548,O00508,P067,2,10
OD02549,O01126,P064,1,15
OD02550,O00886,P068,1,15
OD02551,O02470,P005,1,15
OD02552,O01988,P090,1,5
OD02553,O00775,P089,2,0
OD02554,O00926,P010,1,5
OD02555,O00120,P008,1,20
OD02556,O01939,P012,2,20
OD02557,O00488,P064,1,25
OD02558,O02126,P059,1,0
OD02559,O00441,P067,1,10
OD02560,O00462,P091,4,10
OD02561,O00612,P050,2,15
OD02562,O01318,P023,3,10
OD02563,O01660,P040,3,15
OD02564,O00917,P097,5,5
OD02565,O00006,P078,3,5
OD02566,O00681,P087,2,5
OD02567,O02319,P095,1,0
OD02568,O01644,P077,1,5
OD02569,O00099,P076,2,0
OD02570,O00526,P099,5,5
OD02571,O02242,P018,2,10
OD02572,O01181,P021,2,20
OD02573,O01690,P001,2,15
OD02574,O01139,P038,1,5
OD02575,O00396,P041,1,0
OD02576,O00770,P042,2,5
OD02577,O01827,P009,1,25
OD02578,O01546,P023,2,10
OD02579,O00683,P078,3,5
OD02580,O01557,P011,3,15
OD02581,O00015,P071,1,10
OD02582,O02416,P031,3,20
OD02583,O01237,P088,1,5
OD02584,O00005,P026,1,10
OD02585,O02279,P030,2,10
OD02586,O01909,P034,1,20
OD02587,O01426,P046,1,20
OD02588,O01608,P069,1,10
OD02589,O00169,P005,2,5
OD02590,O00792,P061,1,10
OD02591,O01000,P083,2,25
OD02592,O00152,P038,2,10
OD02593,O02272,P028,2,15
OD02594,O00504,P026,3,10
OD02595,O01574,P061,1,10
OD02596,O02092,P023,1,10
OD02597,O00504,P046,1,15
OD02598,O00843,P030,1,20
OD02599,O00351,P067,2,10
OD02600,O02071,P092,1,10
OD02601,O01660,P033,1,5
OD02602,O00598,P003,3,5
OD02603,O01067,P069,2,20
OD02604,O00040,P083,2,5
OD02605,O02351,P042,3,15
OD02606,O00175,P062,3,15
OD02607,O00999,P058,2,15
OD02608,O01485,P057,1,20
OD02609,O01217,P001,5,10
OD02610,O02292,P073,2,20
OD02611,O00836,P060,1,5
OD02612,O02328,P069,1,10
OD02613,O01060,P059,2,15
OD02614,O00898,P046,4,5
OD02615,O01564,P034,1,15
OD02616,O01047,P097,1,15
OD02617,O00932,P025,3,15
OD02618,O02139,P042,4,5
OD02619,O02438,P029,1,15
OD02620,O01252,P025,1,5
OD02621,O01226,P054,2,15
OD02622,O01374,P073,1,10
OD02623,O01062,P067,3,10
OD02624,O00500,P015,1,10
OD02625,O01723,P004,1,5
OD02626,O02116,P038,1,5
OD02627,O01764,P020,1,0
OD02628,O02171,P023,1,10
OD02629,O01709,P037,1,15
OD02630,O00336,P062,3,0
OD02631,O01177,P008,1,0
OD02632,O00779,P037,4,10
OD02633,O01186,P045,1,15
OD02634,O01934,P097,2,5
OD02635,O01467,P033,1,5
OD02636,O02471,P007,1,5
OD02637,O01562,P022,2,10
OD02638,O00939,P005,2,5
OD02639,O00804,P015,3,5
OD02640,O01936,P021,3,15
OD02641,O00634,P089,2,10
OD02642,O01254,P017,1,0
OD02643,O01083,P056,3,10
OD02644,O02144,P050,2,10
OD02645,O01286,P007,5,20
OD02646,O00354,P050,3,5
OD02647,O01160,P060,1,15
OD02648,O01886,P083,1,15
OD02649,O01819,P007,2,5
OD02650,O00967,P040,2,20
OD02651,O02478,P045,2,10
OD02652,O01170,P059,3,15
OD02653,O01548,P088,1,0
OD02654,O02135,P075,1,5
OD02655,O00109,P055,1,10
OD02656,O01369,P064,2,5
OD02657,O01758,P065,2,10
OD02658,O00994,P054,1,10
OD02659,O01518,P096,2,10
OD02660,O01357,P040,1,10
OD02661,O00822,P053,1,0
OD02662,O00937,P044,2,10
OD02663,O00191,P063,1,10
OD02664,O01997,P002,2,5
OD02665,O00933,P079,3,0
OD02666,O00142,P021,3,5
OD02667,O01893,P088,1,5
OD02668,O02216,P050,2,20
OD02669,O00566,P081,2,10
OD02670,O01283,P052,3,0
OD02671,O01463,P009,3,0
OD02672,O01135,P099,1,0
OD02673,O00744,P020,1,10
OD02674,O00673,P083,2,5
OD02675,O00531,P018,2,10
OD02676,O01314,P084,1,10
OD02677,O00562,P030,1,15
OD02678,O01534,P065,2,5
OD02679,O02223,P024,1,10
OD02680,O00302,P088,1,15
OD02681,O00185,P047,1,10
OD02682,O00510,P083,1,15
OD02683,O01334,P094,2,10
OD02684,O01370,P090,1,10
OD02685,O02204,P044,1,10
OD02686,O00795,P029,1,25
OD02687,O02480,P077,1,10
OD02688,O01524,P068,2,20
OD02689,O00761,P017,1,5
OD02690,O02195,P097,2,10
OD02691,O00435,P005,1,20
OD02692,O01543,P092,1,5
OD02693,O02039,P088,1,25
OD02694,O01707,P081,1,0
OD02695,O00069,P050,2,20
OD02696,O01630,P040,2,10
OD02697,O01905,P046,3,0
OD02698,O02234,P051,1,20
OD02699,O02252,P011,1,5
OD02700,O00554,P012,1,0
OD02701,O02061,P013,3,0
OD02702,O01298,P064,1,10
OD02703,O02099,P008,1,25
OD02704,O00500,P065,1,0
OD02705,O02417,P009,1,10
OD02706,O02405,P092,4,5
OD02707,O01530,P002,2,15
OD02708,O02304,P078,3,0
OD02709,O01512,P013,2,5
OD02710,O00279,P002,2,5
OD02711,O01083,P068,1,10
OD02712,O00446,P076,2,20
OD02713,O02161,P048,1,10
OD02714,O00836,P074,1,0
OD02715,O00755,P003,2,10
OD02716,O01846,P068,3,15
OD02717,O01593,P006,2,0
OD02718,O01513,P087,2,0
OD02719,O01431,P005,1,5
OD02720,O02415,P003,1,15
OD02721,O01084,P010,1,10
OD02722,O02377,P043,2,10
OD02723,O01591,P019,4,5
OD02724,O01909,P014,1,5
OD02725,O02232,P021,1,25
OD02726,O01023,P043,2,5
OD02727,O02359,P028,3,20
OD02728,O01562,P021,2,10
OD02729,O00177,P036,1,0
OD02730,O00847,P024,5,10
OD02731,O01249,P054,3,20
OD02732,O01601,P038,1,10
OD02733,O01605,P017,4,20
OD02734,O01976,P022,2,5
OD02735,O02057,P083,1,10
OD02736,O00236,P045,2,15
OD02737,O00710,P074,3,20
OD02738,O00794,P061,2,10
OD02739,O01935,P011,1,10
OD02740,O01670,P061,4,0
OD02741,O00027,P038,1,5
OD02742,O01227,P066,2,5
OD02743,O00085,P033,2,0
OD02744,O01856,P043,1,5
OD02745,O01123,P031,1,5
OD02746,O01214,P035,3,25
OD02747,O00012,P037,1,10
OD02748,O01013,P047,2,10
OD02749,O01749,P100,2,25
OD02750,O01877,P023,2,5
OD02751,O01318,P036,2,10
OD02752,O01384,P040,1,10
OD02753,O01679,P090,1,0
OD02754,O00180,P089,3,15
OD02755,O00797,P081,2,0
OD02756,O01468,P015,1,0
OD02757,O02025,P037,4,5
OD02758,O02489,P004,3,20
OD02759,O00887,P022,1,15
OD02760,O02469,P081,5,10
OD02761,O01190,P022,2,10
OD02762,O01676,P081,1,5
OD02763,O01520,P078,1,10
OD02764,O02433,P078,2,10
OD02765,O02362,P017,3,0
OD02766,O00771,P072,1,15
OD02767,O01279,P098,1,0
OD02768,O00959,P090,1,5
OD02769,O00917,P094,2,15
OD02770,O02071,P086,1,10
OD02771,O01782,P080,1,10
OD02772,O00339,P094,2,10
OD02773,O01517,P080,3,10
OD02774,O02414,P038,2,15
OD02775,O01396,P024,1,15
OD02776,O00915,P100,1,10
OD02777,O01854,P099,1,25
OD02778,O00475,P006,4,25
OD02779,O01447,P068,3,10
OD02780,O01380,P082,1,15
OD02781,O01484,P006,1,10
OD02782,O02075,P026,2,10
OD02783,O00801,P091,2,0
OD02784,O01247,P041,2,10
OD02785,O00864,P075,3,20
OD02786,O01172,P038,3,15
OD02787,O00739,P080,2,15
OD02788,O01375,P083,3,5
OD02789,O02463,P043,3,5
OD02790,O00982,P053,3,5
OD02791,O02477,P015,4,5
OD02792,O02089,P090,1,10
OD02793,O01012,P056,1,5
OD02794,O02127,P056,3,10
OD02795,O00717,P031,3,10
OD02796,O01808,P083,4,5
OD02797,O01474,P057,1,0
OD02798,O01166,P051,2,20
OD02799,O02342,P024,1,0
OD02800,O00610,P058,2,0
OD02801,O02184,P073,1,15
OD02802,O01813,P087,1,25
OD02803,O01336,P004,1,15
OD02804,O00555,P010,2,0
OD02805,O01656,P063,1,5
OD02806,O01756,P073,1,25
OD02807,O00046,P083,1,15
OD02808,O01260,P015,1,10
OD02809,O01072,P098,4,5
OD02810,O02246,P063,1,0
OD02811,O02132,P019,1,0
OD02812,O00543,P063,3,10
OD02813,O01452,P056,2,0
OD02814,O02119,P021,2,25
OD02815,O01993,P034,2,5
OD02816,O00913,P017,4,15
OD02817,O01069,P018,1,5
OD02818,O02341,P081,5,10
OD02819,O00812,P066,3,0
OD02820,O01489,P051,2,15
OD02821,O01909,P065,2,10
OD02822,O01574,P043,2,0
OD02823,O00867,P057,1,15
OD02824,O02428,P010,1,10
OD02825,O01767,P037,4,20
OD02826,O02310,P048,2,20
OD02827,O00580,P069,1,20
OD02828,O02405,P056,3,0
OD02829,O01443,P076,2,0
OD02830,O00698,P036,1,25
OD02831,O01977,P031,2,10
OD02832,O02491,P055,2,5
OD02833,O00726,P038,1,15
OD02834,O00286,P073,4,5
OD02835,O01892,P090,1,15
OD02836,O00570,P015,2,15
OD02837,O01965,P016,1,15
OD02838,O01514,P077,2,5
OD02839,O00498,P089,1,10
OD02840,O01918,P094,1,10
OD02841,O00705,P053,3,10
OD02842,O01357,P056,1,5
OD02843,O00562,P007,3,10
OD02844,O01999,P057,2,10
OD02845,O00032,P055,5,10
OD02846,O00043,P052,2,15
OD02847,O01917,P004,1,10
OD02848,O01375,P043,1,5
OD02849,O01846,P040,3,10
OD02850,O00559,P030,3,15
OD02851,O02318,P010,1,5
OD02852,O01437,P094,2,10
OD02853,O00943,P007,2,0
OD02854,O01599,P036,4,5
OD02855,O01371,P035,4,20
OD02856,O01929,P088,5,20
OD02857,O01637,P039,3,10
OD02858,O02085,P036,4,15
OD02859,O00092,P020,1,20
OD02860,O01844,P049,3,25
OD02861,O00185,P096,2,10
OD02862,O00728,P059,4,10
OD02863,O01052,P049,2,10
OD02864,O01572,P090,1,0
OD02865,O02420,P026,2,10
OD02866,O00832,P036,2,15
OD02867,O00345,P043,1,15
OD02868,O01443,P099,1,20
OD02869,O01220,P043,2,0
OD02870,O02126,P099,1,10
OD02871,O00167,P076,1,0
OD02872,O00264,P033,1,5
OD02873,O01496,P100,4,20
OD02874,O01232,P078,3,10
OD02875,O01287,P097,1,15
OD02876,O01530,P045,3,0
OD02877,O01809,P045,2,10
OD02878,O01878,P088,1,15
OD02879,O01750,P015,1,0
OD02880,O01910,P095,2,5
OD02881,O01336,P017,2,0
OD02882,O01198,P012,3,10
OD02883,O02479,P022,1,25
OD02884,O00768,P023,1,15
OD02885,O00101,P090,5,25
OD02886,O01733,P078,1,15
OD02887,O01920,P012,2,20
OD02888,O02292,P068,1,10
OD02889,O01372,P051,1,10
OD02890,O00105,P013,1,10
OD02891,O00694,P057,1,15
OD02892,O01691,P055,1,5
OD02893,O01311,P082,1,0
OD02894,O01071,P028,2,20
OD02895,O01067,P044,2,0
OD02896,O00818,P019,1,25
OD02897,O02269,P046,3,15
OD02898,O01537,P003,1,5
OD02899,O02192,P083,1,15
OD02900,O00890,P020,2,15
OD02901,O01878,P025,2,5
OD02902,O01874,P075,2,15
OD02903,O00790,P056,1,15
OD02904,O00553,P081,3,5
OD02905,O00844,P061,2,0
OD02906,O00659,P055,1,5
OD02907,O01019,P035,1,5
OD02908,O01954,P078,3,0
OD02909,O01191,P059,2,15
OD02910,O00751,P039,1,10
OD02911,O02297,P057,1,20
OD02912,O00775,P083,1,5
OD02913,O01381,P067,2,10
OD02914,O00692,P034,3,10
OD02915,O00719,P041,1,20
OD02916,O00234,P022,1,10
OD02917,O02072,P027,4,10
OD02918,O01405,P021,2,20
OD02919,O01006,P041,2,5
OD02920,O01370,P031,1,0
OD02921,O01402,P027,2,10
OD02922,O02065,P037,2,15
OD02923,O02293,P066,1,0
OD02924,O00717,P054,5,10
OD02925,O01563,P009,3,10
OD02926,O01712,P083,2,20
OD02927,O01226,P042,2,5
OD02928,O01272,P036,2,5
OD02929,O02166,P010,1,10
OD02930,O00009,P059,1,5
OD02931,O00598,P040,3,15
OD02932,O00023,P054,2,10
OD02933,O01991,P039,3,15
OD02934,O02288,P007,1,15
OD02935,O01609,P004,2,20
OD02936,O02075,P015,2,10
OD02937,O01105,P076,2,25
OD02938,O02247,P048,3,5
OD02939,O00092,P006,5,15
OD02940,O00851,P073,1,10
OD02941,O01983,P035,1,15
OD02942,O01108,P072,1,10
OD02943,O00300,P071,2,15
OD02944,O02344,P068,1,20
OD02945,O01478,P058,2,15
OD02946,O01305,P077,1,15
OD02947,O01001,P019,2,0
OD02948,O01083,P062,3,5
OD02949,O01366,P071,2,25
OD02950,O02390,P010,2,15
OD02951,O02110,P025,1,10
OD02952,O00776,P044,1,5
OD02953,O01453,P099,2,0
OD02954,O01682,P058,2,5
OD02955,O01752,P025,4,10
OD02956,O02304,P093,4,5
OD02957,O01852,P076,3,5
OD02958,O01898,P040,1,10
OD02959,O01730,P076,2,10
OD02960,O01328,P070,1,5
OD02961,O00615,P010,1,10
OD02962,O00245,P066,1,20
OD02963,O00757,P025,1,10
OD02964,O00824,P071,1,20
OD02965,O01847,P087,2,20
OD02966,O01436,P011,4,0
OD02967,O01241,P036,1,0
OD02968,O00516,P049,4,10
OD02969,O00474,P048,1,10
OD02970,O00036,P087,1,10
OD02971,O01411,P007,2,5
OD02972,O01793,P091,2,10
OD02973,O01735,P077,1,0
OD02974,O00830,P051,1,25
OD02975,O01093,P017,2,5
OD02976,O02414,P032,1,20
OD02977,O01186,P026,2,0
OD02978,O01763,P022,2,5
OD02979,O00945,P013,1,5
OD02980,O01512,P012,3,25
OD02981,O00431,P071,1,0
OD02982,O02023,P001,2,10
OD02983,O00859,P033,3,20
OD02984,O00230,P014,4,15
OD02985,O02418,P064,2,5
OD02986,O00178,P043,2,25
OD02987,O01434,P058,1,20
OD02988,O01614,P041,2,10
OD02989,O01764,P081,2,10
OD02990,O01775,P068,1,25
OD02991,O00975,P039,3,25
OD02992,O00082,P001,1,10
OD02993,O00846,P041,3,15
OD02994,O01217,P045,3,5
OD02995,O00618,P088,2,10
OD02996,O02264,P098,2,5
OD02997,O02338,P098,1,5
OD02998,O00445,P088,5,10
OD02999,O00923,P079,1,10
OD03000,O00193,P081,2,5
OD03001,O01663,P013,2,10
OD03002,O00289,P071,4,10
OD03003,O01168,P009,3,25
OD03004,O01431,P063,2,20
OD03005,O01835,P099,1,10
OD03006,O01971,P023,1,20
OD03007,O00896,P054,1,5
OD03008,O00920,P047,3,10
OD03009,O02035,P039,2,25
OD03010,O01553,P087,3,10
OD03011,O01701,P026,2,15
OD03012,O02061,P001,2,5
OD03013,O01726,P014,1,5
OD03014,O02388,P096,1,10
OD03015,O01898,P074,1,25
OD03016,O01800,P065,2,10
OD03017,O00312,P069,1,20
OD03018,O01128,P067,2,20
OD03019,O00339,P049,2,5
OD03020,O02348,P050,2,10
OD03021,O00359,P058,1,10
OD03022,O02217,P053,1,10
OD03023,O01173,P091,1,0
OD03024,O00768,P057,2,25
OD03025,O02090,P086,1,15
OD03026,O00202,P018,3,10
OD03027,O01693,P016,3,10
OD03028,O00464,P002,1,0
OD03029,O00449,P013,2,10
OD03030,O00913,P045,2,20
OD03031,O00798,P080,2,20
OD03032,O00794,P072,1,5
OD03033,O00437,P043,1,10
OD03034,O01917,P072,1,15
OD03035,O01774,P054,1,5
OD03036,O00531,P074,3,0
OD03037,O00565,P097,2,10
OD03038,O01621,P031,4,10
OD03039,O01297,P076,1,0
OD03040,O00213,P009,1,0
OD03041,O00949,P073,2,5
OD03042,O01128,P048,1,5
OD03043,O00192,P018,1,10
OD03044,O01404,P094,2,5
OD03045,O01991,P096,1,5
OD03046,O01105,P087,2,20
OD03047,O00705,P011,1,0
OD03048,O00549,P062,2,10
OD03049,O01862,P084,3,25
OD03050,O00154,P019,1,10
OD03051,O01666,P100,4,15
OD03052,O00571,P090,2,10
OD03053,O01785,P074,4,0
OD03054,O02288,P024,1,10
OD03055,O02422,P013,2,10
OD03056,O00805,P046,1,0
OD03057,O00799,P053,3,10
OD03058,O00611,P098,2,20
OD03059,O01807,P029,2,5
OD03060,O00143,P036,4,10
OD03061,O00272,P071,1,10
OD03062,O01556,P094,1,15
OD03063,O02474,P017,2,15
OD03064,O02094,P048,2,15
OD03065,O02143,P077,1,5
OD03066,O02112,P024,2,0
OD03067,O02461,P054,4,5
OD03068,O00459,P095,2,15
OD03069,O01739,P091,1,15
OD03070,O01433,P085,1,25
OD03071,O00506,P001,5,10
OD03072,O01710,P079,2,10
OD03073,O01097,P067,4,10
OD03074,O00084,P006,1,5
OD03075,O00059,P078,2,10
OD03076,O01045,P055,2,10
OD03077,O01482,P038,1,25
OD03078,O02205,P033,2,5
OD03079,O01353,P008,2,25
OD03080,O01597,P090,2,10
OD03081,O00576,P079,3,5
OD03082,O00680,P078,3,5
OD03083,O00203,P020,3,0
OD03084,O01130,P055,3,10
OD03085,O00318,P048,2,0
OD03086,O01206,P083,1,10
OD03087,O01639,P056,3,25
OD03088,O01797,P097,2,15
OD03089,O00406,P100,1,15
OD03090,O00679,P088,2,0
OD03091,O01271,P010,1,10
OD03092,O01890,P052,2,5
OD03093,O01548,P050,1,20
OD03094,O01644,P034,1,5
OD03095,O01360,P036,4,10
OD03096,O01446,P061,3,10
OD03097,O00835,P100,3,10
OD03098,O02242,P016,2,15
OD03099,O02356,P079,3,5
OD03100,O01669,P018,3,10
OD03101,O01931,P071,2,15
OD03102,O00281,P047,4,10
OD03103,O01814,P086,1,10
OD03104,O00933,P032,4,0
OD03105,O00608,P043,1,15
OD03106,O00483,P083,2,25
OD03107,O01247,P040,1,10
OD03108,O01773,P065,2,20
OD03109,O02165,P035,2,10
OD03110,O00192,P069,5,5
OD03111,O02018,P050,5,0
OD03112,O00307,P012,4,10
OD03113,O00532,P076,1,10
OD03114,O00122,P085,5,15
OD03115,O00592,P058,2,15
OD03116,O01476,P083,3,25
OD03117,O00059,P063,1,10
OD03118,O02349,P073,2,10
OD03119,O01574,P049,4,5
OD03120,O01141,P036,4,10
OD03121,O01811,P054,2,20
OD03122,O01806,P047,3,0
OD03123,O00399,P032,1,25
OD03124,O00942,P099,2,25
OD03125,O00528,P095,2,10
OD03126,O02446,P053,1,5
OD03127,O01775,P032,1,5
OD03128,O01422,P062,1,5
OD03129,O01670,P037,2,0
OD03130,O01551,P096,1,10
OD03131,O00436,P038,2,0
OD03132,O00840,P030,1,15
OD03133,O00360,P058,2,10
OD03134,O01153,P032,2,5
OD03135,O00864,P066,2,10
OD03136,O01651,P051,2,25
OD03137,O01733,P011,2,15
OD03138,O01246,P059,1,10
OD03139,O02262,P020,3,15
OD03140,O00916,P037,1,15
OD03141,O01799,P073,1,20
OD03142,O02183,P049,2,5
OD03143,O00386,P019,1,20
OD03144,O01327,P055,3,5
OD03145,O01806,P040,1,20
OD03146,O01586,P007,2,5
OD03147,O01213,P005,1,20
OD03148,O01550,P042,1,25
OD03149,O00389,P088,1,0
OD03150,O00704,P048,3,25
OD03151,O01739,P007,4,0
OD03152,O00864,P011,2,5
OD03153,O01060,P073,3,10
OD03154,O00079,P049,2,25
OD03155,O01299,P030,4,10
OD03156,O01302,P041,3,10
OD03157,O00674,P003,1,15
OD03158,O02360,P086,2,25
OD03159,O00204,P040,2,15
OD03160,O00985,P051,1,5
OD03161,O01976,P084,1,5
OD03162,O00017,P032,4,0
OD03163,O00476,P048,4,10
OD03164,O01017,P071,3,5
OD03165,O00210,P071,5,5
OD03166,O00499,P020,3,20
OD03167,O00429,P089,1,5
OD03168,O01330,P035,1,10
OD03169,O02106,P024,1,10
OD03170,O01554,P040,1,0
OD03171,O01232,P077,1,5
OD03172,O01535,P052,2,10
OD03173,O01868,P039,3,20
OD03174,O01877,P068,3,5
OD03175,O00899,P061,2,10
OD03176,O01107,P076,4,15
OD03177,O01068,P081,2,15
OD03178,O01507,P065,3,15
OD03179,O01668,P062,2,25
OD03180,O00493,P081,1,15
OD03181,O00605,P002,4,10
OD03182,O00948,P006,1,15
OD03183,O00294,P075,2,10
OD03184,O01172,P043,1,5
OD03185,O02019,P082,2,5
OD03186,O00172,P040,5,5
OD03187,O01587,P089,1,0
OD03188,O00531,P039,3,5
OD03189,O01144,P028,1,0
OD03190,O01860,P080,1,20
OD03191,O01761,P063,1,20
OD03192,O02114,P064,3,10
OD03193,O02189,P012,1,15
OD03194,O02494,P041,2,5
OD03195,O00189,P029,1,20
OD03196,O00158,P023,1,10
OD03197,O01971,P085,3,0
OD03198,O00246,P080,1,0
OD03199,O02378,P051,1,5
OD03200,O00850,P045,1,0
OD03201,O01811,P090,2,5
OD03202,O01095,P022,2,0
OD03203,O01337,P010,1,5
OD03204,O02127,P007,1,5
OD03205,O00169,P073,1,25
OD03206,O02228,P089,1,5
OD03207,O01652,P015,3,5
OD03208,O02308,P077,3,15
OD03209,O01510,P046,2,20
OD03210,O01796,P090,1,10
OD03211,O02345,P085,2,20
OD03212,O00620,P087,3,5
OD03213,O02408,P061,2,5
OD03214,O02165,P092,3,5
OD03215,O00357,P061,2,10
OD03216,O02487,P051,2,5
OD03217,O01678,P038,1,15
OD03218,O01212,P012,2,5
OD03219,O01305,P088,1,15
OD03220,O01535,P077,3,5
OD03221,O01490,P066,3,10
OD03222,O01964,P054,3,10
OD03223,O01362,P039,2,15
OD03224,O00199,P076,1,5
OD03225,O01788,P039,1,15
OD03226,O01074,P078,2,15
OD03227,O01166,P030,3,5
OD03228,O01807,P048,2,25
OD03229,O01538,P083,1,10
OD03230,O00031,P031,4,10
OD03231,O02381,P025,5,5
OD03232,O00660,P068,1,10
OD03233,O02225,P051,2,5
OD03234,O02418,P013,3,10
OD03235,O00547,P100,2,10
OD03236,O01130,P063,4,15
OD03237,O02145,P042,1,5
OD03238,O02278,P054,2,15
OD03239,O02275,P067,2,5
OD03240,O00371,P080,3,10
OD03241,O01124,P090,3,15
OD03242,O01469,P056,5,10
OD03243,O01492,P019,2,5
OD03244,O02103,P046,3,10
OD03245,O02472,P015,1,5
OD03246,O02363,P032,1,10
OD03247,O01152,P049,1,5
OD03248,O02080,P021,3,15
OD03249,O00093,P065,5,10
OD03250,O01282,P070,1,0
OD03251,O01926,P027,1,5
OD03252,O01244,P023,3,5
OD03253,O01572,P047,2,10
OD03254,O00416,P095,4,10
OD03255,O02414,P012,1,10
OD03256,O01545,P085,1,15
OD03257,O02379,P066,2,5
OD03258,O00689,P005,1,20
OD03259,O01666,P009,1,5
OD03260,O02059,P020,1,5
OD03261,O01531,P082,1,15
OD03262,O00419,P063,1,15
OD03263,O01146,P086,4,10
OD03264,O00911,P072,1,15
OD03265,O01355,P098,1,20
OD03266,O01567,P073,3,15
OD03267,O02396,P071,2,0
OD03268,O00412,P030,2,15
OD03269,O01248,P082,2,15
OD03270,O00153,P091,3,10
OD03271,O01236,P016,3,15
OD03272,O00092,P085,2,25
OD03273,O00331,P005,3,10
OD03274,O01665,P029,2,0
OD03275,O00955,P047,1,10
OD03276,O01252,P022,3,0
OD03277,O00194,P078,2,5
OD03278,O00530,P057,4,10
OD03279,O01267,P083,1,5
OD03280,O01474,P035,1,15
OD03281,O00639,P088,4,15
OD03282,O01611,P060,1,10
OD03283,O01598,P070,4,20
OD03284,O02336,P060,4,0
OD03285,O00698,P058,3,15
OD03286,O02046,P003,2,15
OD03287,O01702,P034,2,5
OD03288,O00540,P045,3,5
OD03289,O00330,P050,3,5
OD03290,O00470,P002,2,15
OD03291,O00534,P015,5,15
OD03292,O01963,P037,2,5
OD03293,O00467,P015,5,10
OD03294,O02468,P060,1,0
OD03295,O00762,P096,1,10
OD03296,O01006,P085,2,25
OD03297,O00891,P064,1,5
OD03298,O02356,P081,3,20
OD03299,O01956,P098,1,15
OD03300,O02382,P096,5,25
OD03301,O00954,P052,1,5
OD03302,O01444,P023,1,5
OD03303,O01673,P099,1,0
OD03304,O00832,P037,2,15
OD03305,O00844,P041,1,10
OD03306,O02298,P057,1,5
OD03307,O01320,P097,2,15
OD03308,O00184,P025,1,5
OD03309,O01284,P037,1,0
OD03310,O01691,P040,3,10
OD03311,O02234,P085,1,0
OD03312,O01433,P046,1,5
OD03313,O01797,P060,1,10
OD03314,O00627,P098,1,20
OD03315,O02056,P019,2,15
OD03316,O00783,P091,1,10
OD03317,O01508,P009,3,15
OD03318,O01785,P069,4,10
OD03319,O00775,P005,1,5
OD03320,O01760,P089,5,15
OD03321,O01864,P026,1,15
OD03322,O01007,P019,1,10
OD03323,O00677,P030,1,10
OD03324,O01831,P100,1,15
OD03325,O00211,P048,2,10
OD03326,O01337,P016,1,20
OD03327,O01628,P071,3,5
OD03328,O01361,P018,2,20
OD03329,O00490,P056,1,5
OD03330,O01427,P021,2,0
OD03331,O00191,P031,4,10
OD03332,O00843,P001,1,10
OD03333,O00335,P003,1,15
OD03334,O01643,P095,2,10
OD03335,O01111,P025,2,10
OD03336,O00579,P008,2,5
OD03337,O00062,P065,1,5
OD03338,O00387,P062,2,10
OD03339,O01170,P007,2,10
OD03340,O02201,P007,2,10
OD03341,O00619,P008,1,10
OD03342,O01684,P019,2,25
OD03343,O01878,P017,1,15
OD03344,O02226,P011,2,20
OD03345,O00487,P049,4,0
OD03346,O01278,P011,2,0
OD03347,O00541,P041,1,5
OD03348,O01536,P062,1,0
OD03349,O02061,P052,3,10
OD03350,O00151,P066,3,10
OD03351,O01074,P068,2,10
OD03352,O01239,P092,1,15
OD03353,O00991,P097,2,25
OD03354,O00372,P075,2,20
OD03355,O01137,P067,5,0
OD03356,O02300,P040,2,5
OD03357,O02101,P005,2,5
OD03358,O01154,P085,2,5
OD03359,O00193,P022,1,10
OD03360,O01081,P037,3,10
OD03361,O02145,P011,2,5
OD03362,O00198,P044,5,15
OD03363,O02195,P086,2,15
OD03364,O01599,P053,1,0
OD03365,O01601,P077,2,10
OD03366,O00684,P061,1,20
OD03367,O00333,P067,1,10
OD03368,O01244,P013,1,5
OD03369,O01422,P092,2,5
OD03370,O01366,P011,2,5
OD03371,O01822,P011,1,0
OD03372,O02220,P085,2,15
OD03373,O01492,P085,1,0
OD03374,O01772,P007,4,5
OD03375,O02011,P017,2,0
OD03376,O01213,P048,2,15
OD03377,O01144,P014,1,0
OD03378,O00105,P063,3,5
OD03379,O00807,P064,2,10
OD03380,O01065,P097,4,10
OD03381,O00889,P075,1,5
OD03382,O00321,P077,1,5
OD03383,O02383,P065,2,15
OD03384,O02312,P034,1,25
OD03385,O01501,P009,1,5
OD03386,O02400,P077,4,0
OD03387,O01569,P037,1,0
OD03388,O01797,P030,5,15
OD03389,O01520,P041,1,10
OD03390,O01919,P045,2,15
OD03391,O01866,P047,2,15
OD03392,O01406,P007,2,20
OD03393,O01505,P014,5,20
OD03394,O01960,P048,1,15
OD03395,O00005,P006,3,10
OD03396,O02082,P034,2,5
OD03397,O01169,P080,1,10
OD03398,O02399,P100,4,10
OD03399,O00348,P046,1,10
OD03400,O01766,P059,3,5
OD03401,O00125,P070,1,10
OD03402,O01814,P008,3,10
OD03403,O02405,P024,2,10
OD03404,O00498,P067,1,5
OD03405,O01177,P004,2,10
OD03406,O00053,P096,1,5
OD03407,O00149,P001,1,20
OD03408,O00503,P034,1,10
OD03409,O00870,P009,1,5
OD03410,O00219,P063,1,0
OD03411,O01301,P076,2,15
OD03412,O02500,P010,2,5
OD03413,O02131,P010,2,25
OD03414,O00738,P050,1,10
OD03415,O02452,P044,2,5
OD03416,O00290,P048,2,10
OD03417,O02468,P087,1,5
OD03418,O00339,P006,3,15
OD03419,O01694,P088,2,5
OD03420,O01869,P024,2,25
OD03421,O00987,P085,1,10
OD03422,O00959,P095,1,15
OD03423,O01231,P058,3,0
OD03424,O01289,P064,3,5
OD03425,O02007,P094,1,15
OD03426,O00373,P056,1,10
OD03427,O01512,P098,2,5
OD03428,O00531,P082,2,5
OD03429,O00924,P012,3,5
OD03430,O00023,P035,1,10
OD03431,O02152,P071,1,5
OD03432,O00241,P089,1,5
OD03433,O01005,P006,1,5
OD03434,O01897,P065,1,10
OD03435,O01166,P080,3,5
OD03436,O00814,P060,2,25
OD03437,O00655,P068,3,5
OD03438,O00783,P029,1,20
OD03439,O02355,P038,1,10
OD03440,O00008,P092,1,10
OD03441,O01715,P022,1,5
OD03442,O00575,P008,3,10
OD03443,O00912,P063,1,15
OD03444,O00518,P096,1,10
OD03445,O01542,P097,1,0
OD03446,O00483,P013,1,20
OD03447,O02255,P027,3,25
OD03448,O00579,P018,1,10
OD03449,O00387,P018,2,10
OD03450,O00412,P077,2,10
OD03451,O01866,P086,1,5
OD03452,O01394,P062,1,0
OD03453,O01377,P014,3,10
OD03454,O01968,P011,2,15
OD03455,O01360,P086,1,0
OD03456,O00906,P100,1,10
OD03457,O01313,P017,1,20
OD03458,O00963,P051,1,5
OD03459,O00965,P096,1,5
OD03460,O02188,P014,1,15
OD03461,O01977,P057,1,5
OD03462,O02348,P093,1,5
OD03463,O01037,P006,1,10
OD03464,O00664,P057,3,10
OD03465,O00825,P004,2,20
OD03466,O01888,P011,4,10
OD03467,O02448,P074,1,10
OD03468,O00992,P092,2,10
OD03469,O01133,P011,1,25
OD03470,O02197,P099,2,0
OD03471,O01740,P079,1,5
OD03472,O02355,P008,1,25
OD03473,O01084,P084,4,25
OD03474,O00435,P059,2,5
OD03475,O00021,P021,4,0
OD03476,O02430,P065,1,10
OD03477,O02293,P093,1,0
OD03478,O01926,P024,1,10
OD03479,O01473,P030,2,0
OD03480,O01100,P099,2,0
OD03481,O00390,P097,4,10
OD03482,O01355,P084,1,25
OD03483,O02307,P057,2,10
OD03484,O00426,P080,1,5
OD03485,O01726,P073,1,25
OD03486,O01030,P095,2,10
OD03487,O00006,P017,2,10
OD03488,O00191,P059,1,10
OD03489,O00148,P031,1,5
OD03490,O00405,P064,1,10
OD03491,O00258,P048,1,10
OD03492,O02138,P023,1,5
OD03493,O00824,P070,1,5
OD03494,O00010,P030,1,5
OD03495,O01111,P055,5,10
OD03496,O00838,P007,4,0
OD03497,O00988,P075,2,5
OD03498,O00625,P098,5,20
OD03499,O00030,P012,2,10
OD03500,O02176,P060,1,0
OD03501,O02469,P052,1,15
OD03502,O01079,P027,4,0
OD03503,O02353,P012,2,15
OD03504,O00546,P013,3,15
OD03505,O01129,P072,3,10
OD03506,O01196,P080,1,15
OD03507,O01523,P062,1,0
OD03508,O02070,P029,1,15
OD03509,O02439,P035,1,0
OD03510,O00617,P060,1,5
OD03511,O00149,P029,1,20
OD03512,O01812,P031,1,10
OD03513,O02347,P077,1,25
OD03514,O00172,P076,1,0
OD03515,O00047,P061,1,10
OD03516,O00626,P002,2,0
OD03517,O01811,P033,1,10
OD03518,O02255,P072,2,0
OD03519,O00453,P062,4,5
OD03520,O01419,P059,1,5
OD03521,O00754,P040,1,15
OD03522,O01009,P049,3,5
OD03523,O01134,P032,2,15
OD03524,O01226,P038,3,0
OD03525,O00168,P092,1,0
OD03526,O00086,P079,3,10
OD03527,O01678,P087,4,25
OD03528,O01983,P088,2,0
OD03529,O00849,P013,1,0
OD03530,O01487,P085,3,15
OD03531,O00442,P054,3,5
OD03532,O00271,P076,3,15
OD03533,O01601,P013,1,5
OD03534,O00344,P039,3,10
OD03535,O01207,P023,1,5
OD03536,O01258,P092,1,10
OD03537,O02292,P014,2,15
OD03538,O01533,P017,1,15
OD03539,O00267,P024,2,10
OD03540,O01654,P058,2,20
OD03541,O00893,P063,1,5
OD03542,O02249,P034,2,5
OD03543,O00239,P051,4,10
OD03544,O00915,P086,1,10
OD03545,O01439,P010,2,0
OD03546,O01461,P072,1,10
OD03547,O02294,P021,2,10
OD03548,O01882,P037,1,15
OD03549,O02200,P007,1,15
OD03550,O01416,P090,1,10
OD03551,O02259,P013,5,0
OD03552,O00367,P080,2,10
OD03553,O01594,P030,2,15
OD03554,O00086,P031,1,5
OD03555,O01737,P005,2,10
OD03556,O01658,P032,1,25
OD03557,O02042,P016,1,5
OD03558,O02494,P073,2,5
OD03559,O00620,P022,1,5
OD03560,O02352,P064,1,10
OD03561,O00132,P044,2,20
OD03562,O00904,P040,3,10
OD03563,O00988,P037,1,5
OD03564,O01222,P078,1,10
OD03565,O02095,P016,1,10
OD03566,O01764,P043,5,10
OD03567,O01227,P084,3,5
OD03568,O01285,P063,2,10
OD03569,O00690,P015,4,10
OD03570,O01048,P044,1,0
OD03571,O00687,P090,5,10
OD03572,O00786,P009,1,25
OD03573,O00340,P065,1,5
OD03574,O00412,P099,2,25
OD03575,O01997,P044,1,0
OD03576,O00286,P020,2,15
OD03577,O01110,P070,1,0
OD03578,O00850,P074,2,5
OD03579,O00430,P033,1,10
OD03580,O01605,P080,1,10
OD03581,O00031,P100,4,15
OD03582,O00603,P006,3,10
OD03583,O00440,P083,5,10
OD03584,O00985,P031,2,20
OD03585,O01373,P066,2,10
OD03586,O01919,P018,2,5
OD03587,O00412,P028,1,5
OD03588,O00528,P068,1,10
OD03589,O00310,P065,1,15
OD03590,O01812,P080,3,0
OD03591,O01362,P045,1,0
OD03592,O02039,P058,4,0
OD03593,O02485,P047,2,10
OD03594,O00704,P066,2,5
OD03595,O00663,P052,1,5
OD03596,O00365,P036,1,10
OD03597,O00923,P001,4,15
OD03598,O02161,P039,1,5
OD03599,O00176,P087,1,10
OD03600,O01173,P090,1,0
OD03601,O01202,P075,1,20
OD03602,O00936,P001,1,5
OD03603,O00382,P075,2,25
OD03604,O01283,P088,2,25
OD03605,O01213,P074,2,15
OD03606,O00306,P014,1,0
OD03607,O01402,P078,3,10
OD03608,O00602,P071,3,0
OD03609,O02391,P023,1,20
OD03610,O02204,P043,1,15
OD03611,O00712,P022,1,25
OD03612,O01466,P060,3,10
OD03613,O00403,P100,2,10
OD03614,O00614,P027,4,10
OD03615,O01802,P056,1,10
OD03616,O00177,P002,2,10
OD03617,O00449,P039,1,10
OD03618,O00743,P051,1,20
OD03619,O01565,P019,2,10
OD03620,O01979,P062,1,20
OD03621,O02349,P071,2,20
OD03622,O00307,P076,2,10
OD03623,O00751,P067,3,5
OD03624,O00869,P063,1,10
OD03625,O00214,P005,4,10
OD03626,O01618,P072,5,0
OD03627,O01664,P078,4,10
OD03628,O01598,P061,3,25
OD03629,O02181,P100,3,0
OD03630,O01673,P071,2,15
OD03631,O00512,P007,1,15
OD03632,O02259,P050,2,10
OD03633,O00987,P046,2,10
OD03634,O00253,P096,5,15
OD03635,O00038,P072,2,10
OD03636,O00629,P076,1,0
OD03637,O00987,P074,2,25
OD03638,O01726,P014,5,10
OD03639,O02094,P073,1,10
OD03640,O01478,P094,1,10
OD03641,O01702,P069,2,0
OD03642,O00305,P065,1,25
OD03643,O01739,P065,1,15
OD03644,O02281,P057,1,0
OD03645,O00245,P062,3,25
OD03646,O01745,P020,1,15
OD03647,O02206,P075,1,10
OD03648,O01025,P026,3,10
OD03649,O00217,P044,4,0
OD03650,O00507,P067,5,10
OD03651,O00761,P070,1,0
OD03652,O01054,P062,4,10
OD03653,O01905,P045,1,10
OD03654,O00275,P011,2,20
OD03655,O00492,P072,2,15
OD03656,O00827,P093,1,5
OD03657,O00951,P074,2,20
OD03658,O01179,P034,1,10
OD03659,O01101,P088,3,10
OD03660,O01637,P046,1,5
OD03661,O01456,P081,2,20
OD03662,O00039,P032,1,20
OD03663,O02287,P075,1,15
OD03664,O02170,P098,5,20
OD03665,O00144,P088,3,5
OD03666,O02416,P005,4,20
OD03667,O00759,P063,1,10
OD03668,O00247,P029,1,5
OD03669,O00765,P048,2,10
OD03670,O02423,P098,2,15
OD03671,O01315,P016,1,5
OD03672,O00207,P025,2,0
OD03673,O02019,P072,1,5
OD03674,O02290,P029,1,10
OD03675,O02350,P052,1,5
OD03676,O01318,P046,2,5
OD03677,O00701,P025,2,10
OD03678,O00288,P023,2,25
OD03679,O02202,P034,2,15
OD03680,O01594,P067,1,5
OD03681,O02471,P094,4,25
OD03682,O00850,P034,4,10
OD03683,O00050,P032,2,10
OD03684,O01231,P029,1,10
OD03685,O02261,P009,2,10
OD03686,O01909,P066,2,5
OD03687,O01687,P057,5,10
OD03688,O01741,P039,5,10
OD03689,O01344,P007,3,10
OD03690,O01791,P069,1,15
OD03691,O01961,P008,4,5
OD03692,O01089,P096,2,15
OD03693,O01156,P018,3,10
OD03694,O02382,P082,1,25
OD03695,O00032,P049,1,10
OD03696,O00868,P016,2,20
OD03697,O01267,P021,1,15
OD03698,O01216,P010,1,10
OD03699,O01166,P004,3,10
OD03700,O01684,P044,1,0
OD03701,O00601,P008,1,25
OD03702,O02026,P055,1,0
OD03703,O01585,P019,1,10
OD03704,O00988,P064,5,5
OD03705,O01215,P040,1,10
OD03706,O01966,P051,1,10
OD03707,O01440,P009,4,20
OD03708,O00520,P030,3,10
OD03709,O01759,P056,1,25
OD03710,O00869,P081,3,10
OD03711,O02064,P044,2,5
OD03712,O01832,P059,3,5
OD03713,O01130,P015,2,15
OD03714,O00283,P068,5,0
OD03715,O00361,P070,1,10
OD03716,O01059,P061,1,0
OD03717,O02161,P080,1,10
OD03718,O02356,P090,1,15
OD03719,O01935,P023,4,10
OD03720,O00959,P077,2,5
OD03721,O01077,P047,1,5
OD03722,O01105,P017,1,5
OD03723,O01640,P057,1,0
OD03724,O01393,P054,4,10
OD03725,O02290,P091,2,10
OD03726,O00031,P052,2,0
OD03727,O00704,P022,2,10
OD03728,O00869,P083,3,10
OD03729,O01385,P039,2,5
OD03730,O00233,P099,1,10
OD03731,O01058,P013,3,5
OD03732,O01267,P078,2,10
OD03733,O00951,P095,2,15
OD03734,O00059,P066,5,5
OD03735,O00302,P052,3,10
OD03736,O02046,P014,3,10
OD03737,O02160,P073,4,5
OD03738,O01924,P074,1,15
OD03739,O00317,P063,2,10
OD03740,O01889,P071,2,10
OD03741,O01169,P028,1,10
OD03742,O00690,P089,3,15
OD03743,O01882,P046,3,25
OD03744,O01954,P028,2,10
OD03745,O00018,P002,5,20
OD03746,O01179,P017,1,0
OD03747,O01530,P059,2,10
OD03748,O00778,P052,2,5
OD03749,O00360,P004,1,0
OD03750,O00332,P077,1,10
OD03751,O01942,P082,3,15
OD03752,O00528,P003,2,10
OD03753,O02060,P037,3,15
OD03754,O01099,P097,2,10
OD03755,O00212,P024,1,10
OD03756,O01715,P072,1,5
OD03757,O02331,P035,1,10
OD03758,O01054,P002,5,5
OD03759,O01033,P033,1,10
OD03760,O01333,P076,5,0
OD03761,O01334,P086,5,0
OD03762,O02474,P077,5,10
OD03763,O01841,P010,2,10
OD03764,O01796,P081,4,10
OD03765,O01728,P062,1,5
OD03766,O00591,P043,1,10
OD03767,O01715,P069,1,15
OD03768,O02139,P059,4,20
OD03769,O00456,P009,1,15
OD03770,O00444,P077,2,0
OD03771,O00079,P060,1,15
OD03772,O01499,P063,1,5
OD03773,O00927,P052,1,5
OD03774,O02151,P023,3,5
OD03775,O00623,P030,2,15
OD03776,O01480,P043,4,10
OD03777,O00234,P068,2,10
OD03778,O01618,P021,5,10
OD03779,O02031,P043,2,5
OD03780,O00387,P073,2,10
OD03781,O01635,P007,2,10
OD03782,O00038,P016,2,10
OD03783,O01185,P023,3,15
OD03784,O01486,P058,2,5
OD03785,O01968,P087,3,15
OD03786,O01473,P031,3,10
OD03787,O00241,P069,1,15
OD03788,O01050,P006,2,10
OD03789,O01672,P065,1,20
OD03790,O00562,P059,2,5
OD03791,O02000,P028,2,15
OD03792,O00806,P018,5,10
OD03793,O01930,P088,1,5
OD03794,O02346,P077,1,0
OD03795,O00805,P097,1,15
OD03796,O02202,P010,1,5
OD03797,O01676,P007,3,5
OD03798,O02097,P037,3,25
OD03799,O01678,P096,2,15
OD03800,O00046,P045,3,5
OD03801,O01652,P086,1,10
OD03802,O00082,P016,1,10
OD03803,O02321,P088,1,15
OD03804,O02442,P014,3,15
OD03805,O01810,P011,2,15
OD03806,O00790,P083,2,5
OD03807,O00595,P087,1,10
OD03808,O02106,P034,1,0
OD03809,O00001,P060,4,0
OD03810,O02264,P013,1,15
OD03811,O01497,P039,3,0
OD03812,O00766,P044,1,10
OD03813,O00671,P028,1,15
OD03814,O01602,P040,2,10
OD03815,O00915,P016,1,0
OD03816,O01845,P050,2,15
OD03817,O01996,P028,2,20
OD03818,O00095,P068,2,15
OD03819,O00493,P092,3,10
OD03820,O00150,P060,2,5
OD03821,O01047,P012,1,0
OD03822,O01239,P016,2,15
OD03823,O00399,P053,2,5
OD03824,O02458,P054,1,20
OD03825,O02179,P049,4,10
OD03826,O00855,P036,2,10
OD03827,O02196,P062,3,15
OD03828,O00381,P084,3,15
OD03829,O00552,P026,1,10
OD03830,O00295,P056,2,20
OD03831,O01144,P090,1,25
OD03832,O00456,P022,1,20
OD03833,O01554,P073,3,15
OD03834,O00169,P069,3,15
OD03835,O00710,P081,1,10
OD03836,O01947,P049,2,0
OD03837,O02020,P098,5,5
OD03838,O02085,P002,2,0
OD03839,O01722,P053,3,0
OD03840,O01285,P007,3,10
OD03841,O02279,P100,1,0
OD03842,O00254,P077,1,20
OD03843,O02377,P020,2,15
OD03844,O01321,P094,2,0
OD03845,O02058,P030,2,5
OD03846,O02494,P075,2,15
OD03847,O02126,P095,3,15
OD03848,O02241,P067,1,20
OD03849,O00401,P059,1,25
OD03850,O02157,P066,1,25
OD03851,O01947,P003,2,10
OD03852,O02311,P056,1,5
OD03853,O02377,P079,2,15
OD03854,O00363,P017,1,5
OD03855,O02307,P052,2,15
OD03856,O01359,P007,1,10
OD03857,O00085,P005,2,15
OD03858,O01546,P098,1,5
OD03859,O01825,P097,1,10
OD03860,O00308,P054,4,10
OD03861,O00262,P061,1,20
OD03862,O01922,P016,2,5
OD03863,O00631,P067,4,20
OD03864,O00680,P059,2,15
OD03865,O00865,P047,3,15
OD03866,O02372,P048,1,15
OD03867,O01726,P064,2,10
OD03868,O01852,P050,2,5
OD03869,O00727,P085,1,5
OD03870,O01261,P041,1,20
OD03871,O01649,P072,1,15
OD03872,O00217,P022,2,5
OD03873,O01270,P054,4,10
OD03874,O00448,P005,1,10
OD03875,O00319,P017,1,5
OD03876,O01910,P078,1,10
OD03877,O02085,P041,2,5
OD03878,O01058,P092,3,0
OD03879,O00039,P095,1,10
OD03880,O01603,P081,1,10
OD03881,O02257,P035,2,0
OD03882,O00830,P040,3,10
OD03883,O00856,P022,2,5
OD03884,O01859,P048,2,0
OD03885,O01103,P053,1,0
OD03886,O01501,P093,1,0
OD03887,O02482,P010,1,5
OD03888,O01821,P018,1,15
OD03889,O00842,P099,4,10
OD03890,O02080,P080,2,0
OD03891,O02441,P049,1,0
OD03892,O01256,P071,1,5
OD03893,O02240,P030,1,15
OD03894,O01940,P019,2,5
OD03895,O00270,P055,1,5
OD03896,O02125,P060,1,10
OD03897,O00735,P087,2,10
OD03898,O00884,P072,1,0
OD03899,O02332,P081,1,10
OD03900,O01113,P021,1,10
OD03901,O00649,P026,1,0
OD03902,O01180,P028,1,15
OD03903,O02298,P039,1,15
OD03904,O02143,P033,3,10
OD03905,O00017,P040,2,5
OD03906,O00117,P083,2,10
OD03907,O00983,P029,3,10
OD03908,O02381,P020,1,15
OD03909,O01847,P020,3,10
OD03910,O01546,P074,1,0
OD03911,O02164,P012,1,10
OD03912,O00963,P097,1,15
OD03913,O01277,P025,1,10
OD03914,O00847,P025,5,20
OD03915,O02364,P004,1,15
OD03916,O00372,P004,1,5
OD03917,O01607,P009,1,20
OD03918,O00156,P015,1,10
OD03919,O00465,P026,1,15
OD03920,O00783,P079,1,15
OD03921,O00804,P090,1,10
OD03922,O00220,P092,3,10
OD03923,O02063,P071,1,20
OD03924,O01774,P032,1,5
OD03925,O00117,P076,2,5
OD03926,O02379,P099,5,5
OD03927,O02104,P052,1,20
OD03928,O01375,P032,1,20
OD03929,O02019,P009,5,5
OD03930,O00308,P078,1,20
OD03931,O00222,P013,2,5
OD03932,O01197,P056,1,25
OD03933,O00797,P044,4,10
OD03934,O01530,P097,5,0
OD03935,O00151,P096,3,0
OD03936,O01721,P083,1,0
OD03937,O01557,P030,1,5
OD03938,O00112,P016,1,15
OD03939,O00683,P012,3,5
OD03940,O01162,P074,4,25
OD03941,O02380,P066,1,10
OD03942,O01566,P018,2,15
OD03943,O00893,P013,1,5
OD03944,O01331,P093,1,20
OD03945,O00161,P024,2,10
OD03946,O01426,P012,1,20
OD03947,O00278,P060,1,25
OD03948,O01557,P060,1,0
OD03949,O00497,P093,3,0
OD03950,O01396,P086,3,15
OD03951,O01916,P100,4,20
OD03952,O00655,P001,2,10
OD03953,O00303,P043,2,5
OD03954,O00438,P055,1,10
OD03955,O00186,P040,5,5
OD03956,O01590,P064,2,5
OD03957,O00673,P034,2,10
OD03958,O01274,P034,2,5
OD03959,O01001,P048,3,10
OD03960,O02327,P033,1,25
OD03961,O00683,P068,1,15
OD03962,O01719,P030,2,20
OD03963,O00925,P084,3,15
OD03964,O02428,P090,2,5
OD03965,O00999,P079,1,15
OD03966,O00285,P071,1,20
OD03967,O00421,P071,2,20
OD03968,O02161,P029,2,15
OD03969,O02276,P023,2,5
OD03970,O01495,P034,1,0
OD03971,O00528,P084,4,0
OD03972,O00031,P015,2,25
OD03973,O00162,P097,3,10
OD03974,O01842,P053,1,20
OD03975,O00705,P017,1,10
OD03976,O00722,P064,3,10
OD03977,O01402,P084,1,0
OD03978,O00446,P061,2,5
OD03979,O00427,P057,2,10
OD03980,O01551,P077,3,10
OD03981,O01968,P088,1,5
OD03982,O00721,P037,1,15
OD03983,O01802,P007,4,5
OD03984,O01965,P008,2,15
OD03985,O01058,P087,1,0
OD03986,O02045,P078,1,15
OD03987,O00736,P068,5,5
OD03988,O00758,P021,1,15
OD03989,O01796,P061,2,10
OD03990,O01644,P074,1,10
OD03991,O00754,P086,3,20
OD03992,O00024,P094,3,0
OD03993,O01240,P094,2,0
OD03994,O00055,P080,1,15
OD03995,O01305,P075,3,10
OD03996,O02375,P086,1,5
OD03997,O00970,P029,4,10
OD03998,O02234,P025,2,0
OD03999,O00434,P058,2,5
OD04000,O00208,P014,1,10
OD04001,O00133,P078,2,15
OD04002,O01363,P066,1,10
OD04003,O01220,P054,1,10
OD04004,O01286,P077,1,20
OD04005,O01306,P067,1,5
OD04006,O00369,P030,1,15
OD04007,O01207,P018,1,20
OD04008,O02471,P054,3,5
OD04009,O02292,P100,1,5
OD04010,O00782,P021,2,25
OD04011,O00567,P053,1,25
OD04012,O00527,P083,2,5
OD04013,O00037,P016,2,0
OD04014,O00178,P028,5,5
OD04015,O00639,P004,3,10
OD04016,O00072,P055,2,10
OD04017,O02400,P015,3,10
OD04018,O01173,P064,1,20
OD04019,O01721,P065,2,5
OD04020,O00105,P016,1,15
OD04021,O01683,P020,1,0
OD04022,O00221,P064,1,0
OD04023,O01850,P033,2,10
OD04024,O00863,P081,2,0
OD04025,O00299,P069,3,10
OD04026,O00042,P069,2,20
OD04027,O00771,P058,1,5
OD04028,O01463,P039,2,15
OD04029,O02133,P077,3,5
OD04030,O01710,P036,4,0
OD04031,O00991,P094,2,10
OD04032,O00711,P068,3,15
OD04033,O00209,P087,3,10
OD04034,O01272,P021,1,10
OD04035,O01235,P063,1,20
OD04036,O00039,P085,1,15
OD04037,O01276,P006,1,5
OD04038,O01827,P024,2,15
OD04039,O00762,P053,5,10
OD04040,O01437,P095,1,15
OD04041,O01470,P083,2,10
OD04042,O02100,P076,2,0
OD04043,O00374,P078,1,10
OD04044,O00931,P050,1,10
OD04045,O00156,P012,2,10
OD04046,O01566,P056,2,20
OD04047,O01114,P015,5,20
OD04048,O02399,P083,1,10
OD04049,O02117,P092,3,10
OD04050,O01266,P040,1,10
OD04051,O00654,P041,2,10
OD04052,O00063,P069,2,25
OD04053,O00509,P069,1,10
OD04054,O02340,P006,1,5
OD04055,O01688,P087,1,10
OD04056,O01448,P067,1,10
OD04057,O01693,P033,2,10
OD04058,O01389,P043,1,10
OD04059,O02198,P021,2,5
OD04060,O01295,P084,1,0
OD04061,O01605,P065,3,5
OD04062,O01140,P017,3,10
OD04063,O00704,P093,3,0
OD04064,O00516,P008,2,15
OD04065,O01938,P064,1,5
OD04066,O01834,P090,3,20
OD04067,O01265,P028,1,5
OD04068,O00030,P098,1,0
OD04069,O00326,P090,1,10
OD04070,O00016,P013,2,5
OD04071,O00111,P013,2,20
OD04072,O00107,P038,2,0
OD04073,O02427,P025,1,10
OD04074,O02210,P062,1,20
OD04075,O00283,P023,4,10
OD04076,O00269,P086,2,0
OD04077,O01221,P021,1,5
OD04078,O01267,P054,2,10
OD04079,O00598,P063,1,5
OD04080,O00799,P030,1,10
OD04081,O01283,P075,1,15
OD04082,O01173,P068,1,20
OD04083,O01891,P097,1,0
OD04084,O02438,P076,3,5
OD04085,O02012,P073,2,5
OD04086,O02464,P032,2,10
OD04087,O00426,P075,2,5
OD04088,O01726,P024,4,15
OD04089,O02134,P007,1,15
OD04090,O01240,P072,3,0
OD04091,O02471,P097,2,10
OD04092,O00118,P089,1,0
OD04093,O02463,P001,1,5
OD04094,O00599,P003,2,5
OD04095,O02088,P028,2,5
OD04096,O01185,P043,1,10
OD04097,O02468,P097,2,10
OD04098,O00664,P046,2,5
OD04099,O02143,P001,1,25
OD04100,O01582,P038,3,10
OD04101,O00650,P091,3,0
OD04102,O01490,P035,2,0
OD04103,O00288,P074,5,10
OD04104,O01700,P076,1,25
OD04105,O00412,P074,1,10
OD04106,O02448,P054,1,20
OD04107,O01042,P098,2,10
OD04108,O00136,P024,2,10
OD04109,O02026,P028,2,10
OD04110,O00759,P022,1,15
OD04111,O01272,P016,1,5
OD04112,O01025,P013,3,20
OD04113,O00381,P100,3,0
OD04114,O01529,P100,2,10
OD04115,O00806,P062,2,10
OD04116,O00476,P043,2,10
OD04117,O00954,P087,1,5
OD04118,O00849,P078,1,10
OD04119,O00897,P032,2,10
OD04120,O00032,P067,2,15
OD04121,O01928,P091,1,15
OD04122,O02166,P083,4,15
OD04123,O00191,P086,3,5
OD04124,O01771,P057,1,25
OD04125,O01774,P065,2,15
OD04126,O02122,P069,4,5
OD04127,O00623,P049,1,5
OD04128,O01127,P033,2,5
OD04129,O00586,P019,2,10
OD04130,O02468,P036,1,20
OD04131,O00473,P070,3,15
OD04132,O01788,P015,1,20
OD04133,O00114,P100,1,5
OD04134,O01403,P097,1,10
OD04135,O01337,P024,1,5
OD04136,O02378,P027,1,0
OD04137,O00339,P049,2,15
OD04138,O02286,P075,1,0
OD04139,O01197,P023,2,10
OD04140,O00079,P033,2,10
OD04141,O00464,P041,1,15
OD04142,O01922,P056,2,0
OD04143,O01988,P029,2,15
OD04144,O00562,P031,2,25
OD04145,O00285,P065,1,20
OD04146,O00223,P098,2,15
OD04147,O01290,P018,5,10
OD04148,O01691,P082,1,10
OD04149,O02421,P006,1,15
OD04150,O01257,P052,2,15
OD04151,O00828,P040,1,10
OD04152,O02284,P065,2,15
OD04153,O00828,P042,1,10
OD04154,O01961,P094,1,0
OD04155,O01966,P068,2,10
OD04156,O02428,P032,1,5
OD04157,O00614,P010,1,10
OD04158,O00563,P069,1,0
OD04159,O02468,P009,1,10
OD04160,O02100,P069,3,15
OD04161,O01745,P061,4,10
OD04162,O01806,P011,1,0
OD04163,O01969,P099,2,10
OD04164,O02253,P091,1,5
OD04165,O00731,P068,2,10
OD04166,O00257,P074,1,10
OD04167,O00185,P097,1,20
OD04168,O02193,P008,2,0
OD04169,O02032,P049,1,15
OD04170,O01714,P024,1,20
OD04171,O00246,P033,3,25
OD04172,O02235,P019,2,5
OD04173,O00866,P002,2,10
OD04174,O02088,P055,2,0
OD04175,O00601,P011,2,10
OD04176,O00962,P099,1,0
OD04177,O01442,P017,1,15
OD04178,O02057,P042,2,0
OD04179,O02398,P061,2,10
OD04180,O02132,P003,2,10
OD04181,O00533,P086,2,25
OD04182,O00989,P035,1,10
OD04183,O02043,P085,1,5
OD04184,O00358,P089,1,5
OD04185,O00378,P066,2,0
OD04186,O02220,P001,2,15
OD04187,O01049,P007,3,15
OD04188,O00393,P020,2,10
OD04189,O01127,P043,3,0
OD04190,O00702,P006,2,15
OD04191,O01434,P055,5,10
OD04192,O00784,P100,2,25
OD04193,O01829,P021,4,10
OD04194,O02380,P051,1,5
OD04195,O00983,P046,1,10
OD04196,O01043,P035,2,5
OD04197,O01172,P100,5,15
OD04198,O02331,P008,1,15
OD04199,O00862,P068,1,5
OD04200,O01877,P016,2,5
OD04201,O01836,P067,2,0
OD04202,O01699,P071,1,20
OD04203,O00113,P064,2,5
OD04204,O01686,P002,5,5
OD04205,O01623,P001,3,5
OD04206,O01423,P058,1,10
OD04207,O00862,P001,1,15
OD04208,O01933,P007,1,20
OD04209,O00508,P088,1,5
OD04210,O01668,P069,1,15
OD04211,O00466,P085,3,5
OD04212,O01122,P092,1,25
OD04213,O00290,P018,3,5
OD04214,O01763,P088,4,0
OD04215,O02210,P032,1,10
OD04216,O01867,P045,5,5
OD04217,O00717,P033,2,0
OD04218,O01401,P074,2,15
OD04219,O00567,P073,1,15
OD04220,O01474,P049,2,10
OD04221,O00994,P033,1,15
OD04222,O01141,P097,2,10
OD04223,O01988,P071,1,10
OD04224,O01994,P068,2,10
OD04225,O01810,P028,1,10
OD04226,O01205,P087,1,5
OD04227,O00959,P053,2,5
OD04228,O01717,P096,2,10
OD04229,O01013,P044,1,10
OD04230,O01819,P080,1,15
OD04231,O01311,P055,3,5
OD04232,O00475,P010,2,5
OD04233,O00618,P014,1,5
OD04234,O00641,P036,2,5
OD04235,O02310,P034,2,15
OD04236,O00162,P088,1,10
OD04237,O02004,P018,2,15
OD04238,O01983,P016,3,10
OD04239,O02229,P037,2,20
OD04240,O00725,P041,1,25
OD04241,O00469,P025,3,10
OD04242,O01810,P008,1,20
OD04243,O00021,P088,4,10
OD04244,O00260,P084,1,20
OD04245,O01140,P094,2,15
OD04246,O01437,P084,2,25
OD04247,O00537,P018,1,10
OD04248,O00952,P068,3,15
OD04249,O01980,P048,2,10
OD04250,O01841,P100,1,5
OD04251,O01857,P070,2,5
OD04252,O00851,P067,2,20
OD04253,O01972,P018,1,0
OD04254,O01281,P018,5,10
OD04255,O01192,P056,3,10
OD04256,O00533,P023,1,10
OD04257,O02063,P035,2,20
OD04258,O02098,P006,1,20
OD04259,O00304,P026,3,10
OD04260,O00416,P085,4,5
OD04261,O00305,P061,1,10
OD04262,O02244,P088,3,10
OD04263,O00813,P015,2,5
OD04264,O02436,P091,1,0
OD04265,O01985,P032,4,10
OD04266,O00713,P012,2,5
OD04267,O01682,P005,2,10
OD04268,O01334,P064,2,5
OD04269,O00175,P071,1,10
OD04270,O01090,P086,1,0
OD04271,O01417,P027,4,25
OD04272,O01988,P079,2,10
OD04273,O02327,P045,3,0
OD04274,O00758,P035,1,10
OD04275,O02411,P026,2,20
OD04276,O01773,P023,5,15
OD04277,O00171,P013,1,15
OD04278,O01075,P090,1,0
OD04279,O01352,P003,2,10
OD04280,O00665,P029,1,15
OD04281,O00592,P066,1,10
OD04282,O01169,P064,3,20
OD04283,O02322,P028,5,5
OD04284,O02411,P087,2,5
OD04285,O01349,P036,3,20
OD04286,O00848,P006,3,10
OD04287,O02346,P011,2,0
OD04288,O00494,P038,1,5
OD04289,O00546,P034,1,20
OD04290,O02352,P081,1,0
OD04291,O01491,P067,1,0
OD04292,O00904,P046,1,5
OD04293,O02287,P098,1,20
OD04294,O01541,P086,1,20
OD04295,O00884,P029,1,10
OD04296,O02458,P060,2,10
OD04297,O02366,P054,1,5
OD04298,O00905,P093,3,5
OD04299,O00620,P069,1,15
OD04300,O00953,P074,3,0
OD04301,O00320,P074,4,10
OD04302,O00876,P009,2,10
OD04303,O02377,P085,2,0
OD04304,O01901,P077,4,10
OD04305,O00753,P010,1,10
OD04306,O01380,P075,5,15
OD04307,O01038,P068,3,5
OD04308,O00071,P058,2,5
OD04309,O01836,P095,1,10
OD04310,O01547,P052,2,25
OD04311,O00106,P034,2,5
OD04312,O00770,P035,2,25
OD04313,O02010,P033,2,15
OD04314,O02244,P072,1,15
OD04315,O02193,P032,1,0
OD04316,O01374,P055,1,5
OD04317,O01710,P097,1,0
OD04318,O00216,P008,1,10
OD04319,O01117,P046,1,25
OD04320,O00260,P014,1,0
OD04321,O00934,P098,2,10
OD04322,O00575,P008,1,0
OD04323,O01565,P071,4,15
OD04324,O01811,P077,3,5
OD04325,O00285,P054,2,0
OD04326,O01955,P021,1,5
OD04327,O02420,P096,2,15
OD04328,O00070,P075,2,0
OD04329,O00379,P014,5,5
OD04330,O01303,P075,2,0
OD04331,O02350,P002,2,25
OD04332,O00255,P098,3,10
OD04333,O01708,P061,1,15
OD04334,O00692,P017,1,10
OD04335,O01288,P078,2,0
OD04336,O00834,P089,1,10
OD04337,O02472,P048,1,0
OD04338,O02261,P091,2,10
OD04339,O02036,P008,1,10
OD04340,O01968,P056,2,10
OD04341,O00100,P017,4,0
OD04342,O01853,P069,1,0
OD04343,O02356,P012,1,15
OD04344,O01572,P038,1,15
OD04345,O00112,P018,1,0
OD04346,O00183,P026,1,0
OD04347,O00165,P095,1,20
OD04348,O02138,P037,1,15
OD04349,O02024,P070,1,25
OD04350,O00455,P041,2,5
OD04351,O02286,P079,3,10
OD04352,O02023,P042,3,5
OD04353,O00727,P090,2,10
OD04354,O02106,P076,1,0
OD04355,O00542,P041,2,0
OD04356,O01938,P047,1,0
OD04357,O01022,P014,1,15
OD04358,O02450,P001,3,10
OD04359,O00842,P017,1,10
OD04360,O01703,P097,1,20
OD04361,O01690,P055,3,15
OD04362,O00519,P093,4,10
OD04363,O00197,P053,1,25
OD04364,O02094,P031,1,10
OD04365,O01421,P062,2,0
OD04366,O01689,P008,2,25
OD04367,O01000,P030,1,0
OD04368,O02122,P077,2,10
OD04369,O01638,P080,4,5
OD04370,O02383,P066,1,10
OD04371,O01871,P045,4,10
OD04372,O00633,P018,4,5
OD04373,O00575,P099,1,10
OD04374,O02344,P045,3,15
OD04375,O01108,P019,1,5
OD04376,O01039,P077,2,10
OD04377,O01891,P068,3,5
OD04378,O00478,P083,1,15
OD04379,O02367,P050,2,15
OD04380,O02416,P025,3,20
OD04381,O00367,P038,1,5
OD04382,O01837,P095,1,0
OD04383,O02426,P036,1,0
OD04384,O01716,P068,2,5
OD04385,O01618,P056,5,10
OD04386,O00013,P039,3,25
OD04387,O00536,P063,1,5
OD04388,O02318,P007,2,25
OD04389,O00376,P058,1,0
OD04390,O01725,P080,1,20
OD04391,O00257,P059,2,5
OD04392,O02265,P048,2,20
OD04393,O00450,P005,2,0
OD04394,O00894,P087,4,20
OD04395,O01185,P036,2,5
OD04396,O02080,P096,2,5
OD04397,O01848,P088,1,10
OD04398,O01284,P025,5,10
OD04399,O01309,P045,3,10
OD04400,O00610,P092,3,25
OD04401,O00917,P019,1,10
OD04402,O01626,P007,2,15
OD04403,O00148,P058,2,0
OD04404,O00656,P081,1,10
OD04405,O02115,P066,2,10
OD04406,O01817,P080,4,20
OD04407,O01303,P039,1,10
OD04408,O00443,P018,1,15
OD04409,O00399,P001,2,5
OD04410,O01152,P063,1,5
OD04411,O02234,P003,2,10
OD04412,O02217,P021,2,5
OD04413,O01708,P030,1,5
OD04414,O01988,P011,3,0
OD04415,O01671,P022,2,15
OD04416,O01582,P057,3,0
OD04417,O00507,P089,3,20
OD04418,O00161,P003,3,0
OD04419,O00340,P030,1,0
OD04420,O01826,P088,1,10
OD04421,O01499,P045,1,10
OD04422,O01624,P036,1,10
OD04423,O01487,P087,3,10
OD04424,O01507,P072,2,5
OD04425,O01177,P064,3,10
OD04426,O00823,P054,1,10
OD04427,O00785,P068,1,5
OD04428,O00131,P050,3,15
OD04429,O01476,P031,1,15
OD04430,O01500,P029,3,10
OD04431,O00781,P059,1,15
OD04432,O01708,P036,4,20
OD04433,O01770,P077,2,10
OD04434,O01319,P073,3,5
OD04435,O01939,P085,1,20
OD04436,O01459,P067,2,5
OD04437,O00376,P089,4,0
OD04438,O02252,P089,3,5
OD04439,O00661,P076,1,15
OD04440,O02123,P093,1,20
OD04441,O01404,P011,1,10
OD04442,O00741,P011,1,25
OD04443,O00304,P026,2,0
OD04444,O01086,P053,1,0
OD04445,O00786,P014,1,10
OD04446,O01211,P064,2,25
OD04447,O00229,P080,2,10
OD04448,O01855,P010,2,0
OD04449,O00268,P031,4,5
OD04450,O00254,P095,1,5
OD04451,O00870,P036,2,5
OD04452,O02135,P010,1,0
OD04453,O01205,P026,1,20
OD04454,O01049,P020,1,10
OD04455,O02270,P044,1,15
OD04456,O00990,P062,1,0
OD04457,O00397,P073,1,0
OD04458,O00938,P079,3,10
OD04459,O00440,P009,2,20
OD04460,O01928,P071,5,10
OD04461,O02359,P090,2,20
OD04462,O02008,P024,1,15
OD04463,O00035,P012,1,0
OD04464,O02265,P060,1,5
OD04465,O00721,P084,1,10
OD04466,O00519,P078,2,10
OD04467,O00269,P086,2,5
OD04468,O00638,P016,1,10
OD04469,O01349,P029,1,10
OD04470,O01380,P032,1,20
OD04471,O00090,P083,1,0
OD04472,O01066,P035,1,5
OD04473,O01389,P043,3,10
OD04474,O01695,P096,1,15
OD04475,O01390,P053,2,10
OD04476,O02336,P020,1,20
OD04477,O00481,P084,1,15
OD04478,O00501,P008,3,10
OD04479,O01662,P099,2,5
OD04480,O02100,P042,1,10
OD04481,O00103,P077,3,15
OD04482,O01448,P070,1,15
OD04483,O01964,P016,1,25
OD04484,O01640,P069,3,10
OD04485,O01328,P053,2,10
OD04486,O02475,P045,1,0
OD04487,O01680,P051,1,0
OD04488,O02158,P098,3,5
OD04489,O01589,P006,1,0
OD04490,O00068,P033,1,10
OD04491,O02437,P079,2,5
OD04492,O01674,P015,4,10
OD04493,O00308,P014,1,10
OD04494,O01376,P039,3,10
OD04495,O01823,P063,2,10
OD04496,O01090,P005,1,5
OD04497,O00460,P090,2,25
OD04498,O02395,P081,4,0
OD04499,O02373,P052,1,20
OD04500,O00667,P016,1,5
OD04501,O01623,P099,4,10
OD04502,O01057,P038,2,0
OD04503,O00068,P053,1,0
OD04504,O02235,P087,2,10
OD04505,O02240,P077,2,15
OD04506,O01237,P097,3,5
OD04507,O01624,P093,4,10
OD04508,O02476,P053,1,5
OD04509,O01375,P046,1,10
OD04510,O02264,P098,2,20
OD04511,O00177,P098,1,20
OD04512,O01589,P091,2,10
OD04513,O01354,P015,1,5
OD04514,O00626,P059,1,5
OD04515,O00179,P050,2,25
OD04516,O00395,P009,2,5
OD04517,O01169,P026,3,15
OD04518,O00876,P003,2,5
OD04519,O00962,P100,1,25
OD04520,O00198,P047,1,5
OD04521,O00969,P005,3,5
OD04522,O00669,P062,1,10
OD04523,O01277,P084,2,25
OD04524,O01911,P084,2,25
OD04525,O00072,P005,1,15
OD04526,O00223,P010,3,15
OD04527,O02324,P080,1,10
OD04528,O01270,P063,2,15
OD04529,O01365,P025,1,20
OD04530,O00924,P044,1,10
OD04531,O00471,P025,2,10
OD04532,O02055,P030,2,10
OD04533,O00188,P014,2,10
OD04534,O02052,P086,2,20
OD04535,O01669,P043,2,5
OD04536,O01149,P028,1,5
OD04537,O00960,P094,2,10
OD04538,O00630,P019,2,5
OD04539,O00775,P042,1,10
OD04540,O00360,P020,2,20
OD04541,O00518,P099,4,10
OD04542,O01344,P086,1,20
OD04543,O01970,P079,4,5
OD04544,O00921,P011,1,20
OD04545,O00935,P054,1,10
OD04546,O01987,P098,1,0
OD04547,O00901,P024,2,10
OD04548,O01729,P070,1,25
OD04549,O02447,P017,3,0
OD04550,O01370,P028,3,10
OD04551,O01219,P050,2,20
OD04552,O02216,P095,2,0
OD04553,O00377,P100,4,10
OD04554,O01775,P055,3,10
OD04555,O01506,P073,2,5
OD04556,O01268,P010,2,10
OD04557,O01011,P021,2,0
OD04558,O01195,P058,2,15
OD04559,O01231,P034,1,0
OD04560,O01178,P095,2,5
OD04561,O02096,P093,1,10
OD04562,O01673,P043,1,10
OD04563,O01929,P011,2,5
OD04564,O00173,P033,4,15
OD04565,O02446,P058,4,20
OD04566,O00294,P046,2,20
OD04567,O00552,P061,2,10
OD04568,O01471,P062,1,20
OD04569,O01040,P001,2,20
OD04570,O01663,P021,1,10
OD04571,O00885,P062,1,5
OD04572,O01373,P064,2,0
OD04573,O01227,P087,1,10
OD04574,O00134,P073,1,20
OD04575,O00771,P056,3,10
OD04576,O01090,P001,1,10
OD04577,O00480,P021,1,0
OD04578,O00863,P022,1,0
OD04579,O00459,P054,1,10
OD04580,O00626,P004,1,25
OD04581,O00159,P065,3,5
OD04582,O02209,P051,1,20
OD04583,O01278,P074,3,0
OD04584,O02008,P063,1,10
OD04585,O01921,P015,2,10
OD04586,O00940,P036,2,20
OD04587,O01573,P029,2,0
OD04588,O02203,P052,2,5
OD04589,O00432,P046,4,5
OD04590,O01051,P069,1,20
OD04591,O01004,P029,2,5
OD04592,O02115,P047,3,0
OD04593,O02144,P091,1,10
OD04594,O00215,P025,1,10
OD04595,O02242,P080,1,15
OD04596,O01671,P016,2,20
OD04597,O01314,P100,1,10
OD04598,O00885,P089,1,20
OD04599,O02087,P041,2,15
OD04600,O01888,P065,2,5
OD04601,O00939,P069,1,20
OD04602,O00939,P020,1,10
OD04603,O00206,P069,2,10
OD04604,O00942,P036,4,15
OD04605,O00555,P093,2,10
OD04606,O01520,P098,3,0
OD04607,O00771,P058,1,15
OD04608,O00249,P048,1,15
OD04609,O01098,P082,2,15
OD04610,O00373,P002,3,5
OD04611,O01855,P080,2,25
OD04612,O00835,P029,3,0
OD04613,O00702,P097,5,5
OD04614,O02186,P016,1,5
OD04615,O00942,P035,1,0
OD04616,O02492,P062,1,10
OD04617,O02401,P081,1,10
OD04618,O00996,P004,1,20
OD04619,O00794,P068,3,25
OD04620,O02459,P051,1,15
OD04621,O00678,P089,1,10
OD04622,O01814,P033,1,15
OD04623,O01562,P078,4,15
OD04624,O00453,P024,2,10
OD04625,O02467,P075,4,15
OD04626,O02498,P025,5,10
OD04627,O01139,P028,2,10
OD04628,O00051,P007,1,10
OD04629,O01393,P036,1,15
OD04630,O01539,P010,1,15
OD04631,O00210,P036,2,5
OD04632,O00888,P095,1,10
OD04633,O01927,P083,1,20
OD04634,O00850,P018,2,25
OD04635,O01878,P006,2,5
OD04636,O00627,P092,2,5
OD04637,O01459,P007,1,15
OD04638,O01251,P012,3,10
OD04639,O00663,P041,2,0
OD04640,O00268,P063,1,5
OD04641,O02164,P098,3,15
OD04642,O01624,P025,4,15
OD04643,O01854,P081,1,10
OD04644,O00754,P053,1,10
OD04645,O01353,P033,2,10
OD04646,O01869,P087,1,5
OD04647,O01064,P073,3,10
OD04648,O00182,P006,1,0
OD04649,O01514,P062,3,10
OD04650,O00903,P066,2,5
OD04651,O01143,P009,2,15
OD04652,O02306,P067,1,10
OD04653,O01507,P016,1,10
OD04654,O02140,P089,1,0
OD04655,O02003,P088,1,5
OD04656,O01185,P093,1,10
OD04657,O00149,P055,3,0
OD04658,O02165,P040,1,0
OD04659,O02093,P026,3,10
OD04660,O01801,P038,1,15
OD04661,O02022,P035,3,5
OD04662,O01843,P087,5,10
OD04663,O02037,P068,1,20
OD04664,O02282,P059,3,20
OD04665,O01399,P014,2,5
OD04666,O01571,P047,3,15
OD04667,O01874,P071,2,10
OD04668,O01973,P072,1,25
OD04669,O02245,P042,1,10
OD04670,O02073,P051,1,15
OD04671,O02443,P019,2,15
OD04672,O00714,P066,5,10
OD04673,O01809,P047,2,15
OD04674,O00223,P065,1,5
OD04675,O00864,P042,3,0
OD04676,O00530,P038,3,10
OD04677,O01212,P013,1,20
OD04678,O01426,P044,1,10
OD04679,O02305,P024,1,10
OD04680,O00654,P096,3,10
OD04681,O01160,P030,3,0
OD04682,O01843,P070,1,10
OD04683,O00444,P038,1,15
OD04684,O02466,P097,3,25
OD04685,O00574,P023,4,5
OD04686,O02177,P074,3,10
OD04687,O01011,P057,2,0
OD04688,O00341,P079,1,5
OD04689,O01281,P023,2,10
OD04690,O00100,P036,1,10
OD04691,O02087,P057,3,5
OD04692,O02311,P001,1,5
OD04693,O00150,P072,3,15
OD04694,O01657,P003,1,25
OD04695,O01354,P014,3,5
OD04696,O01144,P081,1,15
OD04697,O01608,P034,1,5
OD04698,O02267,P070,2,20
OD04699,O01838,P069,1,15
OD04700,O00244,P051,4,15
OD04701,O00587,P029,2,0
OD04702,O02238,P099,2,10
OD04703,O00856,P082,3,10
OD04704,O02147,P048,3,5
OD04705,O02036,P094,2,5
OD04706,O00830,P079,4,10
OD04707,O01387,P079,1,15
OD04708,O01717,P016,1,0
OD04709,O01688,P057,2,10
OD04710,O00056,P097,1,5
OD04711,O01726,P010,2,0
OD04712,O01954,P019,1,10
OD04713,O01046,P067,1,5
OD04714,O00185,P036,3,10
OD04715,O00522,P004,2,5
OD04716,O01602,P075,5,10
OD04717,O02312,P033,3,10
OD04718,O01249,P028,1,25
OD04719,O01659,P096,1,5
OD04720,O01062,P080,1,15
OD04721,O01003,P009,3,5
OD04722,O02171,P075,1,10
OD04723,O02349,P006,1,10
OD04724,O02018,P049,4,5
OD04725,O01929,P091,2,10
OD04726,O00394,P076,1,5
OD04727,O01618,P022,1,0
OD04728,O00661,P048,3,5
OD04729,O01429,P021,3,15
OD04730,O01155,P033,1,15
OD04731,O00069,P081,1,5
OD04732,O00320,P056,3,10
OD04733,O02225,P029,3,0
OD04734,O00584,P053,3,5
OD04735,O01865,P040,2,15
OD04736,O01184,P074,4,10
OD04737,O00582,P018,1,5
OD04738,O01768,P047,1,5
OD04739,O01557,P013,2,15
OD04740,O01799,P027,2,5
OD04741,O00111,P062,3,5
OD04742,O00999,P074,1,10
OD04743,O00758,P096,3,10
OD04744,O00283,P045,1,10
OD04745,O01743,P003,2,20
OD04746,O02242,P022,1,5
OD04747,O01071,P027,2,15
OD04748,O02390,P055,2,5
OD04749,O01394,P067,1,10
OD04750,O00801,P033,1,20
OD04751,O00131,P002,2,10
OD04752,O01294,P075,3,15
OD04753,O01964,P046,1,15
OD04754,O00061,P074,1,0
OD04755,O02212,P033,1,15
OD04756,O01549,P058,4,20
OD04757,O00272,P007,1,10
OD04758,O01782,P015,1,5
OD04759,O02181,P026,3,0
OD04760,O01268,P011,2,5
OD04761,O01458,P038,1,0
OD04762,O00038,P027,5,10
OD04763,O01895,P007,2,0
OD04764,O01343,P001,2,5
OD04765,O00474,P074,1,10
OD04766,O00059,P021,3,10
OD04767,O01964,P079,1,10
OD04768,O01919,P030,1,15
OD04769,O00904,P094,1,0
OD04770,O00383,P008,3,0
OD04771,O01412,P088,2,0
OD04772,O00085,P083,2,10
OD04773,O01534,P003,1,0
OD04774,O02341,P055,2,15
OD04775,O01091,P015,3,5
OD04776,O00129,P036,1,20
OD04777,O02077,P006,3,10
OD04778,O01569,P042,1,10
OD04779,O00692,P050,3,15
OD04780,O01961,P018,1,15
OD04781,O00133,P083,2,10
OD04782,O01209,P050,4,20
OD04783,O00646,P030,5,10
OD04784,O01613,P077,1,15
OD04785,O00516,P039,1,10
OD04786,O02046,P012,1,15
OD04787,O01864,P098,3,5
OD04788,O02213,P059,2,5
OD04789,O00933,P076,1,15
OD04790,O01664,P044,1,5
OD04791,O00557,P088,4,5
OD04792,O01672,P004,2,5
OD04793,O00993,P036,1,15
OD04794,O01629,P048,1,20
OD04795,O01692,P014,1,15
OD04796,O00757,P081,2,15
OD04797,O01105,P049,4,10
OD04798,O01271,P067,3,0
OD04799,O00649,P087,2,0
OD04800,O01410,P077,3,10
OD04801,O00992,P009,1,5
OD04802,O01331,P021,1,5
OD04803,O00628,P072,5,10
OD04804,O02055,P081,1,10
OD04805,O01950,P016,1,10
OD04806,O00954,P016,5,15
OD04807,O01843,P028,1,15
OD04808,O02121,P051,3,15
OD04809,O00010,P056,4,25
OD04810,O01597,P080,2,5
OD04811,O00122,P057,1,10
OD04812,O00687,P052,1,20
OD04813,O02010,P046,1,10
OD04814,O00441,P078,1,15
OD04815,O00591,P038,3,10
OD04816,O01369,P084,1,10
OD04817,O01990,P048,1,0
OD04818,O01362,P041,2,25
OD04819,O01208,P098,2,15
OD04820,O02115,P059,3,20
OD04821,O02065,P093,1,15
OD04822,O01407,P067,3,5
OD04823,O02416,P074,2,0
OD04824,O01340,P084,1,20
OD04825,O01521,P066,1,10
OD04826,O01577,P027,1,5
OD04827,O00908,P032,2,10
OD04828,O00115,P056,1,10
OD04829,O02148,P010,4,10
OD04830,O02486,P040,2,10
OD04831,O01369,P017,4,15
OD04832,O02397,P058,1,20
OD04833,O00139,P097,1,5
OD04834,O00828,P006,1,5
OD04835,O02372,P039,1,10
OD04836,O00846,P018,3,25
OD04837,O02342,P073,1,5
OD04838,O01981,P072,1,10
OD04839,O01553,P089,1,10
OD04840,O01316,P095,1,10
OD04841,O00074,P042,3,25
OD04842,O00484,P004,2,20
OD04843,O00016,P020,2,10
OD04844,O01550,P028,1,10
OD04845,O01360,P040,4,0
OD04846,O01897,P065,2,15
OD04847,O01151,P044,1,15
OD04848,O00129,P023,1,5
OD04849,O00511,P057,4,5
OD04850,O00423,P047,2,20
OD04851,O02433,P013,2,10
OD04852,O01907,P016,1,10
OD04853,O00232,P090,1,0
OD04854,O00959,P055,2,10
OD04855,O00825,P095,2,15
OD04856,O00065,P065,2,10
OD04857,O00833,P081,2,10
OD04858,O00615,P016,1,5
OD04859,O02029,P037,3,10
OD04860,O00801,P052,4,20
OD04861,O01968,P010,3,10
OD04862,O00278,P038,1,20
OD04863,O02014,P044,1,20
OD04864,O01718,P095,3,20
OD04865,O02414,P074,2,20
OD04866,O01239,P054,2,0
OD04867,O02487,P098,4,20
OD04868,O00428,P051,2,0
OD04869,O02444,P052,2,0
OD04870,O01525,P070,1,0
OD04871,O01487,P092,1,5
OD04872,O00586,P092,1,10
OD04873,O00375,P059,4,10
OD04874,O01524,P013,1,0
OD04875,O00093,P041,2,10
OD04876,O01601,P012,3,10
OD04877,O02369,P050,2,15
OD04878,O00914,P057,2,5
OD04879,O01346,P050,1,5
OD04880,O01841,P057,3,5
OD04881,O01302,P054,1,5
OD04882,O01622,P066,1,10
OD04883,O01562,P008,1,10
OD04884,O01754,P063,1,5
OD04885,O01417,P009,1,10
OD04886,O00095,P060,2,10
OD04887,O01780,P063,1,25
OD04888,O00959,P072,2,5
OD04889,O01131,P003,1,15
OD04890,O01414,P073,1,15
OD04891,O01784,P013,2,0
OD04892,O02119,P009,4,25
OD04893,O00664,P095,3,15
OD04894,O00969,P089,4,15
OD04895,O02416,P052,2,10
OD04896,O02099,P062,2,10
OD04897,O01167,P008,2,5
OD04898,O01572,P095,2,0
OD04899,O01524,P045,1,15
OD04900,O00988,P053,2,20
OD04901,O02308,P063,1,5
OD04902,O01226,P095,1,15
OD04903,O01209,P081,2,15
OD04904,O02206,P057,1,5
OD04905,O00099,P054,1,10
OD04906,O02289,P019,1,10
OD04907,O01515,P067,5,15
OD04908,O00202,P046,1,15
OD04909,O00634,P094,1,0
OD04910,O00746,P010,3,10
OD04911,O00490,P093,2,15
OD04912,O00579,P018,1,15
OD04913,O00273,P012,1,0
OD04914,O01243,P049,1,10
OD04915,O00786,P023,1,20
OD04916,O00453,P062,1,5
OD04917,O01176,P011,1,10
OD04918,O02395,P073,3,15
OD04919,O00816,P056,2,0
OD04920,O00414,P088,2,20
OD04921,O01551,P089,1,5
OD04922,O00431,P055,1,0
OD04923,O02427,P025,3,5
OD04924,O00895,P009,1,0
OD04925,O02476,P012,3,0
OD04926,O01947,P011,2,15
OD04927,O01108,P038,3,5
OD04928,O00192,P028,1,20
OD04929,O00041,P008,1,10
OD04930,O01888,P074,3,10
OD04931,O01860,P089,3,10
OD04932,O01797,P047,1,15
OD04933,O01333,P036,5,10
OD04934,O00136,P050,1,0
OD04935,O01814,P009,1,20
OD04936,O00106,P060,2,10
OD04937,O00519,P072,2,0
OD04938,O01942,P067,4,10
OD04939,O01566,P053,1,10
OD04940,O00126,P082,1,5
OD04941,O02448,P099,2,15
OD04942,O02127,P017,1,10
OD04943,O00389,P100,1,10
OD04944,O01559,P053,2,10
OD04945,O01725,P028,1,25
OD04946,O02122,P063,2,5
OD04947,O01029,P015,1,10
OD04948,O01943,P019,2,5
OD04949,O00082,P086,2,15
OD04950,O01561,P070,1,0
OD04951,O00776,P047,1,0
OD04952,O00278,P071,1,15
OD04953,O01879,P048,1,10
OD04954,O02272,P073,2,5
OD04955,O01608,P020,5,10
OD04956,O00606,P037,2,15
OD04957,O02067,P075,2,5
OD04958,O00640,P002,1,5
OD04959,O01790,P064,1,25
OD04960,O01757,P086,4,10
OD04961,O01367,P036,4,10
OD04962,O02145,P005,2,15
OD04963,O00175,P064,1,10
OD04964,O01377,P007,3,5
OD04965,O00348,P070,1,5
OD04966,O00001,P022,3,10
OD04967,O00063,P074,3,20
OD04968,O01784,P046,1,0
OD04969,O00226,P040,5,5
OD04970,O02471,P061,5,20
OD04971,O01043,P046,4,0
OD04972,O02079,P084,2,10
OD04973,O00845,P028,1,5
OD04974,O00024,P087,2,10
OD04975,O01235,P035,1,10
OD04976,O01985,P001,1,0
OD04977,O00161,P029,1,10
OD04978,O01279,P009,2,15
OD04979,O01595,P009,1,15
OD04980,O02162,P022,1,10
OD04981,O01953,P063,1,10
OD04982,O01696,P066,2,10
OD04983,O00955,P080,2,10
OD04984,O00357,P058,1,15
OD04985,O02217,P070,4,10
OD04986,O00969,P055,1,10
OD04987,O00242,P013,2,5
OD04988,O00139,P097,3,5
OD04989,O02145,P019,3,5
OD04990,O00147,P079,1,20
OD04991,O01081,P033,4,15
OD04992,O01066,P074,4,10
OD04993,O00543,P065,2,5
OD04994,O00692,P060,2,0
OD04995,O01026,P012,1,20
OD04996,O01162,P043,2,20
OD04997,O01641,P093,1,0
OD04998,O00730,P017,3,15
OD04999,O02379,P068,1,10
OD05000,O00404,P029,2,5
